date,module,country,category_id,app_id,keyword,metric_name,metric_value,notes
2026-09-01,keyword_rank,us,,,meal planner,rank,,
2026-09-01,keyword_rank,us,,,meal planner,difficulty_score,97.8,
2026-09-01,keyword_rank,us,,,meal planner,result_count,191,
2026-09-01,keyword_rank,us,,,calorie tracker,rank,,
2026-09-01,keyword_rank,us,,,calorie tracker,difficulty_score,98.8,
2026-09-01,keyword_rank,us,,,calorie tracker,result_count,195,
2026-09-01,keyword_rank,us,,,healthy recipes,rank,,
2026-09-01,keyword_rank,us,,,healthy recipes,difficulty_score,94.5,
2026-09-01,keyword_rank,us,,,healthy recipes,result_count,178,
2026-09-01,keyword_rank,us,,,diet planner,rank,,
2026-09-01,keyword_rank,us,,,diet planner,difficulty_score,97.0,
2026-09-01,keyword_rank,us,,,diet planner,result_count,188,
2026-09-01,keyword_rank,us,,,weight loss app,rank,,
2026-09-01,keyword_rank,us,,,weight loss app,difficulty_score,97.5,
2026-09-01,keyword_rank,us,,,weight loss app,result_count,190,
2026-09-01,keyword_rank,gb,,,meal planner,rank,,
2026-09-01,keyword_rank,gb,,,meal planner,difficulty_score,98.5,
2026-09-01,keyword_rank,gb,,,meal planner,result_count,194,
2026-09-01,keyword_rank,gb,,,calorie tracker,rank,,
2026-09-01,keyword_rank,gb,,,calorie tracker,difficulty_score,99.5,
2026-09-01,keyword_rank,gb,,,calorie tracker,result_count,198,
2026-09-01,keyword_rank,gb,,,healthy recipes,rank,,
2026-09-01,keyword_rank,gb,,,healthy recipes,difficulty_score,65.7,
2026-09-01,keyword_rank,gb,,,healthy recipes,result_count,179,
2026-09-01,keyword_rank,gb,,,diet planner,rank,,
2026-09-01,keyword_rank,gb,,,diet planner,difficulty_score,96.8,
2026-09-01,keyword_rank,gb,,,diet planner,result_count,187,
2026-09-01,keyword_rank,gb,,,weight loss app,rank,,
2026-09-01,keyword_rank,gb,,,weight loss app,difficulty_score,99.0,
2026-09-01,keyword_rank,gb,,,weight loss app,result_count,196,
2026-09-01,keyword_rank,ae,,,meal planner,rank,,
2026-09-01,keyword_rank,ae,,,meal planner,difficulty_score,45.9,
2026-09-01,keyword_rank,ae,,,meal planner,result_count,181,
2026-09-01,keyword_rank,ae,,,calorie tracker,rank,,
2026-09-01,keyword_rank,ae,,,calorie tracker,difficulty_score,50.1,
2026-09-01,keyword_rank,ae,,,calorie tracker,result_count,190,
2026-09-01,keyword_rank,ae,,,healthy recipes,rank,,
2026-09-01,keyword_rank,ae,,,healthy recipes,difficulty_score,47.2,
2026-09-01,keyword_rank,ae,,,healthy recipes,result_count,181,
2026-09-01,keyword_rank,ae,,,diet planner,rank,,
2026-09-01,keyword_rank,ae,,,diet planner,difficulty_score,48.6,
2026-09-01,keyword_rank,ae,,,diet planner,result_count,186,
2026-09-01,keyword_rank,ae,,,weight loss app,rank,,
2026-09-01,keyword_rank,ae,,,weight loss app,difficulty_score,49.1,
2026-09-01,keyword_rank,ae,,,weight loss app,result_count,187,
2026-09-01,competitor_metadata,,,570060128,,rating_count,5415707,
2026-09-01,competitor_metadata,,,570060128,,average_rating,4.7238,
2026-09-01,competitor_metadata,,,570060128,,version,7.137.0,
2026-09-01,competitor_metadata,,,341232718,,rating_count,2354114,
2026-09-01,competitor_metadata,,,341232718,,average_rating,4.71247,
2026-09-01,competitor_metadata,,,341232718,,version,26.34.0,
2026-09-01,competitor_metadata,,,1079999103,,rating_count,53949,
2026-09-01,competitor_metadata,,,1079999103,,average_rating,4.81203,
2026-09-01,competitor_metadata,,,1079999103,,version,4.21.34,
2026-09-01,competitor_metadata,,,1131174924,,rating_count,80,
2026-09-01,competitor_metadata,,,1131174924,,average_rating,4.575,
2026-09-01,competitor_metadata,,,1131174924,,version,19.0,
2026-09-01,competitor_metadata,,,1145935738,,rating_count,97263,
2026-09-01,competitor_metadata,,,1145935738,,average_rating,4.77318,
2026-09-01,competitor_metadata,,,1145935738,,version,4.58.2,
2026-09-01,competitor_metadata,,,1217456898,,rating_count,432697,
2026-09-01,competitor_metadata,,,1217456898,,average_rating,4.90801,
2026-09-01,competitor_metadata,,,1217456898,,version,3.40,
2026-09-01,competitor_metadata,,,1249805978,,rating_count,11727,
2026-09-01,competitor_metadata,,,1249805978,,average_rating,4.66624,
2026-09-01,competitor_metadata,,,1249805978,,version,3.143,
2026-09-01,competitor_metadata,,,1266612768,,rating_count,21523,
2026-09-01,competitor_metadata,,,1266612768,,average_rating,4.83213,
2026-09-01,competitor_metadata,,,1266612768,,version,1.1.87,
2026-09-01,competitor_metadata,,,1348259279,,rating_count,6197,
2026-09-01,competitor_metadata,,,1348259279,,average_rating,4.56027,
2026-09-01,competitor_metadata,,,1348259279,,version,3.0.9,
2026-09-01,competitor_metadata,,,1438388363,,rating_count,146146,
2026-09-01,competitor_metadata,,,1438388363,,average_rating,4.79232,
2026-09-01,competitor_metadata,,,1438388363,,version,2.14.23,
2026-09-01,competitor_metadata,,,1445510165,,rating_count,7437,
2026-09-01,competitor_metadata,,,1445510165,,average_rating,4.88987,
2026-09-01,competitor_metadata,,,1445510165,,version,7.4.0,
2026-09-01,competitor_metadata,,,1449960712,,rating_count,5750,
2026-09-01,competitor_metadata,,,1449960712,,average_rating,4.82365,
2026-09-01,competitor_metadata,,,1449960712,,version,7.11.4,
2026-09-01,competitor_metadata,,,1460546771,,rating_count,2949,
2026-09-01,competitor_metadata,,,1460546771,,average_rating,4.71244,
2026-09-01,competitor_metadata,,,1460546771,,version,1.8.3,
2026-09-01,competitor_metadata,,,1502526521,,rating_count,2339,
2026-09-01,competitor_metadata,,,1502526521,,average_rating,4.80889,
2026-09-01,competitor_metadata,,,1502526521,,version,1.7.3,
2026-09-01,competitor_metadata,,,1539625670,,rating_count,87736,
2026-09-01,competitor_metadata,,,1539625670,,average_rating,4.79479,
2026-09-01,competitor_metadata,,,1539625670,,version,2.3.0,
2026-09-01,competitor_metadata,,,1545961260,,rating_count,24025,
2026-09-01,competitor_metadata,,,1545961260,,average_rating,4.72316,
2026-09-01,competitor_metadata,,,1545961260,,version,26.35,
2026-09-01,competitor_metadata,,,1593779280,,rating_count,282997,
2026-09-01,competitor_metadata,,,1593779280,,average_rating,4.79276,
2026-09-01,competitor_metadata,,,1593779280,,version,6.1.5,
2026-09-01,competitor_metadata,,,1612213187,,rating_count,1764,
2026-09-01,competitor_metadata,,,1612213187,,average_rating,4.85431,
2026-09-01,competitor_metadata,,,1612213187,,version,2.7.7,
2026-09-01,competitor_metadata,,,287529757,,rating_count,163787,
2026-09-01,competitor_metadata,,,287529757,,average_rating,4.80959,
2026-09-01,competitor_metadata,,,287529757,,version,10.33,
2026-09-01,competitor_metadata,,,297368629,,rating_count,774334,
2026-09-01,competitor_metadata,,,297368629,,average_rating,4.76657,
2026-09-01,competitor_metadata,,,297368629,,version,18.4.700,
2026-09-01,competitor_metadata,,,444924121,,rating_count,25902,
2026-09-01,competitor_metadata,,,444924121,,average_rating,4.76882,
2026-09-01,competitor_metadata,,,444924121,,version,13.1.0,
2026-09-01,competitor_metadata,,,532430574,,rating_count,57820,
2026-09-01,competitor_metadata,,,532430574,,average_rating,4.88819,
2026-09-01,competitor_metadata,,,532430574,,version,2026.6.2,
2026-09-01,competitor_metadata,,,533785308,,rating_count,808,
2026-09-01,competitor_metadata,,,533785308,,average_rating,4.73762,
2026-09-01,competitor_metadata,,,533785308,,version,508.4.0,
2026-09-01,autocomplete_hint,us,,,meal planner,base,meal planner & grocery list,
2026-09-01,autocomplete_hint,us,,,meal planner,base,meal planner,
2026-09-01,autocomplete_hint,us,,,meal planner,base,meal planner free,
2026-09-01,autocomplete_hint,us,,,meal planner,base,meal planner for weight loss,
2026-09-01,autocomplete_hint,us,,,meal planner,base,meal planner calendar,
2026-09-01,autocomplete_hint,us,,,meal planner,base,meal planner & grocery list free,
2026-09-01,autocomplete_hint,us,,,meal planner,base,meal planner and grocery,
2026-09-01,autocomplete_hint,us,,,meal planner,base,meal planner & weekly menu,
2026-09-01,autocomplete_hint,us,,,meal planner,base,meal planner and tracker,
2026-09-01,autocomplete_hint,us,,,meal planner,base,meal planner with personalized recipes,
2026-09-01,autocomplete_hint,us,,,meal planner,a,meal planner app,
2026-09-01,autocomplete_hint,us,,,meal planner,a,meal planner and grocery,
2026-09-01,autocomplete_hint,us,,,meal planner,a,free meal planner app,
2026-09-01,autocomplete_hint,us,,,meal planner,a,mob: meal planner and recipes,
2026-09-01,autocomplete_hint,us,,,meal planner,a,meal planner and tracker,
2026-09-01,autocomplete_hint,us,,,meal planner,a,meal planner app.,
2026-09-01,autocomplete_hint,us,,,meal planner,a,meal planner : ai recipe,
2026-09-01,autocomplete_hint,us,,,meal planner,a,meal planner ai - lumameal,
2026-09-01,autocomplete_hint,us,,,meal planner,a,meal planner: ai weekly menu,
2026-09-01,autocomplete_hint,us,,,meal planner,a,meal planner ai : what to eat,
2026-09-01,autocomplete_hint,us,,,meal planner,b,diet & meal planner by getfit,
2026-09-01,autocomplete_hint,us,,,meal planner,b,vegan meal planner by pixicook,
2026-09-01,autocomplete_hint,us,,,meal planner,c,meal planner calendar,
2026-09-01,autocomplete_hint,us,,,meal planner,c,meal planner: cooking recipes,
2026-09-01,autocomplete_hint,us,,,meal planner,c,meal planner - calendar & list,
2026-09-01,autocomplete_hint,us,,,meal planner,c,meal planner: calorie & diet,
2026-09-01,autocomplete_hint,us,,,meal planner,c,meal planner - calotrack,
2026-09-01,autocomplete_hint,us,,,meal planner,c,meal planner - cookyno,
2026-09-01,autocomplete_hint,us,,,meal planner,c,meal planner: chowsome,
2026-09-01,autocomplete_hint,us,,,meal planner,c,meek - meal planner & calendar,
2026-09-01,autocomplete_hint,us,,,meal planner,c,recipe meal planner - chefbook,
2026-09-01,autocomplete_hint,us,,,meal planner,c,simple meal planner & cookbook,
2026-09-01,autocomplete_hint,us,,,meal planner,d,meal planner & diet plan,
2026-09-01,autocomplete_hint,us,,,meal planner,d,meal planner – daily recipes,
2026-09-01,autocomplete_hint,us,,,meal planner,d,ava: meal planner & diet plan,
2026-09-01,autocomplete_hint,us,,,meal planner,d,keto meal planner: diet plan,
2026-09-01,autocomplete_hint,us,,,meal planner,e,meal planner-ema,
2026-09-01,autocomplete_hint,us,,,meal planner,e,meal planner: eat smart,
2026-09-01,autocomplete_hint,us,,,meal planner,e,ai meal planner – easy dinner,
2026-09-01,autocomplete_hint,us,,,meal planner,e,ai meal planner: easy recipes,
2026-09-01,autocomplete_hint,us,,,meal planner,e,weekly meal planner: eatzup,
2026-09-01,autocomplete_hint,us,,,meal planner,f,meal planner free,
2026-09-01,autocomplete_hint,us,,,meal planner,f,weekly meal planner free,
2026-09-01,autocomplete_hint,us,,,meal planner,f,healthy meal planner free,
2026-09-01,autocomplete_hint,us,,,meal planner,f,meal planner for weight loss,
2026-09-01,autocomplete_hint,us,,,meal planner,f,meal planner - food planner,
2026-09-01,autocomplete_hint,us,,,meal planner,f,meal planner free: for vegans,
2026-09-01,autocomplete_hint,us,,,meal planner,f,meal planner family,
2026-09-01,autocomplete_hint,us,,,meal planner,f,meal planner & food tracker,
2026-09-01,autocomplete_hint,us,,,meal planner,f,ai meal planner - food scanner,
2026-09-01,autocomplete_hint,us,,,meal planner,f,diet & meal planner: fit ai,
2026-09-01,autocomplete_hint,us,,,meal planner,g,meal planner & grocery list,
2026-09-01,autocomplete_hint,us,,,meal planner,g,meal planner & grocery list free,
2026-09-01,autocomplete_hint,us,,,meal planner,g,"fenne: meal planner, groceries",
2026-09-01,autocomplete_hint,us,,,meal planner,g,hestia: meal planner & grocery,
2026-09-01,autocomplete_hint,us,,,meal planner,g,my meal planner & grocery list,
2026-09-01,autocomplete_hint,us,,,meal planner,g,nevyo: meal planner & grocery,
2026-09-01,autocomplete_hint,us,,,meal planner,g,protein meal planner - gram,
2026-09-01,autocomplete_hint,us,,,meal planner,h,ai meal planner: home chef,
2026-09-01,autocomplete_hint,us,,,meal planner,h,chicken meal planner - henly,
2026-09-01,autocomplete_hint,us,,,meal planner,h,fitollo meal planner & health,
2026-09-01,autocomplete_hint,us,,,meal planner,i,"work out, meal planner in home",
2026-09-01,autocomplete_hint,us,,,meal planner,l,mealcart: meal planner & list,
2026-09-01,autocomplete_hint,us,,,meal planner,m,meal planner: mealplan recipes,
2026-09-01,autocomplete_hint,us,,,meal planner,m,meal planner - menu plan,
2026-09-01,autocomplete_hint,us,,,meal planner,m,meal planner: menus & recipes,
2026-09-01,autocomplete_hint,us,,,meal planner,m,meal planner - mealply recipes,
2026-09-01,autocomplete_hint,us,,,meal planner,m,meal planner: mealjar,
2026-09-01,autocomplete_hint,us,,,meal planner,m,meal planner & menu - 7mealz,
2026-09-01,autocomplete_hint,us,,,meal planner,m,meal planner & macro tracker,
2026-09-01,autocomplete_hint,us,,,meal planner,m,daily meal planner - mealflow,
2026-09-01,autocomplete_hint,us,,,meal planner,m,family meal planner: mini chef,
2026-09-01,autocomplete_hint,us,,,meal planner,m,visual meal planner - mealmap,
2026-09-01,autocomplete_hint,us,,,meal planner,n,meal planner - nutriplan,
2026-09-01,autocomplete_hint,us,,,meal planner,o,meal planner - ounje,
2026-09-01,autocomplete_hint,us,,,meal planner,p,meal planner & prep - farro,
2026-09-01,autocomplete_hint,us,,,meal planner,p,meal planner - plan4meals,
2026-09-01,autocomplete_hint,us,,,meal planner,p,recipe hub: meal planner pro,
2026-09-01,autocomplete_hint,us,,,meal planner,p,shelve: meal planner & pantry,
2026-09-01,autocomplete_hint,us,,,meal planner,p,weekly meal planner – plate,
2026-09-01,autocomplete_hint,us,,,meal planner,r,tgb: meal planner & recipes,
2026-09-01,autocomplete_hint,us,,,meal planner,r,potto: meal planner & recipes,
2026-09-01,autocomplete_hint,us,,,meal planner,r,zest: meal planner & recipes,
2026-09-01,autocomplete_hint,us,,,meal planner,r,meal planner & recipes | mealo,
2026-09-01,autocomplete_hint,us,,,meal planner,r,meal planner - recipe storage,
2026-09-01,autocomplete_hint,us,,,meal planner,r,plantry meal planner & recipes,
2026-09-01,autocomplete_hint,us,,,meal planner,r,herbi: meal planner + recipes,
2026-09-01,autocomplete_hint,us,,,meal planner,r,ai meal planner & recipes,
2026-09-01,autocomplete_hint,us,,,meal planner,r,ai meal planner : recipe book,
2026-09-01,autocomplete_hint,us,,,meal planner,r,"appetio: meal planner, recipes",
2026-09-01,autocomplete_hint,us,,,meal planner,s,meal planner - swipe dinner,
2026-09-01,autocomplete_hint,us,,,meal planner,s,meal planner: shopping list,
2026-09-01,autocomplete_hint,us,,,meal planner,t,baby meal planner - tinyplate,
2026-09-01,autocomplete_hint,us,,,meal planner,t,recipes & meal planner: tamu,
2026-09-01,autocomplete_hint,us,,,meal planner,w,meal planner & weekly menu,
2026-09-01,autocomplete_hint,us,,,meal planner,w,meal planner with personalized recipes,
2026-09-01,autocomplete_hint,us,,,meal planner,w,meal planner - weekly planning,
2026-09-01,autocomplete_hint,us,,,meal planner,w,meal planner - weeklymeals,
2026-09-01,autocomplete_hint,us,,,meal planner,w,meal planner - weekly menus ap,
2026-09-01,autocomplete_hint,us,,,meal planner,w,ai meal planner: weekly menu,
2026-09-01,autocomplete_hint,us,,,meal planner,w,nm: ai meal planner & wellness,
2026-09-01,autocomplete_hint,us,,,calorie,base,calorie tracker,
2026-09-01,autocomplete_hint,us,,,calorie,base,calorie counter,
2026-09-01,autocomplete_hint,us,,,calorie,base,calorie tracker free,
2026-09-01,autocomplete_hint,us,,,calorie,base,calorie deficit tracker,
2026-09-01,autocomplete_hint,us,,,calorie,base,calorie cam: ai food tracker,
2026-09-01,autocomplete_hint,us,,,calorie,base,calorie care | كالوري كير,
2026-09-01,autocomplete_hint,us,,,calorie,base,calorie,
2026-09-01,autocomplete_hint,us,,,calorie,base,calorie counter free,
2026-09-01,autocomplete_hint,us,,,calorie,base,calorie king,
2026-09-01,autocomplete_hint,us,,,calorie,base,calories tracker for free,
2026-09-01,autocomplete_hint,us,,,calorie,a,calorie ai free,
2026-09-01,autocomplete_hint,us,,,calorie,a,calorie and protein counter free,
2026-09-01,autocomplete_hint,us,,,calorie,a,calorie and macro tracker,
2026-09-01,autocomplete_hint,us,,,calorie,a,calorie and fitness tracker,
2026-09-01,autocomplete_hint,us,,,calorie,a,calorie and water tracker,
2026-09-01,autocomplete_hint,us,,,calorie,a,calorie and protein counter,
2026-09-01,autocomplete_hint,us,,,calorie,a,calorie apps,
2026-09-01,autocomplete_hint,us,,,calorie,a,calorie and food tracker,
2026-09-01,autocomplete_hint,us,,,calorie,a,calorie and food tracker free,
2026-09-01,autocomplete_hint,us,,,calorie,a,calorie.ai,
2026-09-01,autocomplete_hint,us,,,calorie,b,calorie burn tracker,
2026-09-01,autocomplete_hint,us,,,calorie,b,calorie budget,
2026-09-01,autocomplete_hint,us,,,calorie,b,calorie burner,
2026-09-01,autocomplete_hint,us,,,calorie,b,calories burned,
2026-09-01,autocomplete_hint,us,,,calorie,b,ujack: calorie & body scan,
2026-09-01,autocomplete_hint,us,,,calorie,b,calorie balance: food scaner,
2026-09-01,autocomplete_hint,us,,,calorie,b,calorie blast,
2026-09-01,autocomplete_hint,us,,,calorie,b,calorie buddy: ai tracker,
2026-09-01,autocomplete_hint,us,,,calorie,b,calorie blocker,
2026-09-01,autocomplete_hint,us,,,calorie,b,calorie burndown,
2026-09-01,autocomplete_hint,us,,,calorie,c,calorie counter free,
2026-09-01,autocomplete_hint,us,,,calorie,c,calorie cam: ai food tracker,
2026-09-01,autocomplete_hint,us,,,calorie,c,calorie care | كالوري كير,
2026-09-01,autocomplete_hint,us,,,calorie,c,calorie counter,
2026-09-01,autocomplete_hint,us,,,calorie,c,calorie calculator,
2026-09-01,autocomplete_hint,us,,,calorie,c,calorie counter & food tracker,
2026-09-01,autocomplete_hint,us,,,calorie,c,calorie cap,
2026-09-01,autocomplete_hint,us,,,calorie,c,calorie counter by fatsecret,
2026-09-01,autocomplete_hint,us,,,calorie,c,calorie calculator free,
2026-09-01,autocomplete_hint,us,,,calorie,c,calorie counter: fat secret,
2026-09-01,autocomplete_hint,us,,,calorie,d,calorie deficit tracker,
2026-09-01,autocomplete_hint,us,,,calorie,d,calorie deficit,
2026-09-01,autocomplete_hint,us,,,calorie,d,calorie deficit tracker free,
2026-09-01,autocomplete_hint,us,,,calorie,d,calorie deficit calculator,
2026-09-01,autocomplete_hint,us,,,calorie,d,calorie deficit calculator free,
2026-09-01,autocomplete_hint,us,,,calorie,d,calorie deficit diet app,
2026-09-01,autocomplete_hint,us,,,calorie,d,calorie deficit formula care,
2026-09-01,autocomplete_hint,us,,,calorie,d,calorie deficit counter,
2026-09-01,autocomplete_hint,us,,,calorie,d,calorie diary,
2026-09-01,autocomplete_hint,us,,,calorie,d,calorie deficit free,
2026-09-01,autocomplete_hint,us,,,calorie,e,calorie estimator,
2026-09-01,autocomplete_hint,us,,,calorie,e,calorie easy: ai food tracker,
2026-09-01,autocomplete_hint,us,,,calorie,e,caager: calorie estimation app,
2026-09-01,autocomplete_hint,us,,,calorie,e,grami - conta calorie e macro,
2026-09-01,autocomplete_hint,us,,,calorie,e,leen ai - calorie expert,
2026-09-01,autocomplete_hint,us,,,calorie,e,swiftcal ai calorie estimation,
2026-09-01,autocomplete_hint,us,,,calorie,f,calorie free,
2026-09-01,autocomplete_hint,us,,,calorie,f,low calorie fast food,
2026-09-01,autocomplete_hint,us,,,calorie,f,cal-ai: calorie & food tracker,
2026-09-01,autocomplete_hint,us,,,calorie,f,calorie finder,
2026-09-01,autocomplete_hint,us,,,calorie,f,satiate - calorie & fullness,
2026-09-01,autocomplete_hint,us,,,calorie,f,calorie fitness,
2026-09-01,autocomplete_hint,us,,,calorie,f,hit calorie: fitness mate,
2026-09-01,autocomplete_hint,us,,,calorie,f,calorie friend,
2026-09-01,autocomplete_hint,us,,,calorie,f,snap calorie free,
2026-09-01,autocomplete_hint,us,,,calorie,f,hitmeal calorie & food tracker,
2026-09-01,autocomplete_hint,us,,,calorie,g,avocado calorie & goal tracker,
2026-09-01,autocomplete_hint,us,,,calorie,g,calorie gram,
2026-09-01,autocomplete_hint,us,,,calorie,g,calorie genie ai: meal tracker,
2026-09-01,autocomplete_hint,us,,,calorie,g,calorie genius: ai tracker,
2026-09-01,autocomplete_hint,us,,,calorie,g,calorie gap,
2026-09-01,autocomplete_hint,us,,,calorie,g,calog - calorie & gym tracker,
2026-09-01,autocomplete_hint,us,,,calorie,g,calorimate: ai calorie guide,
2026-09-01,autocomplete_hint,us,,,calorie,g,gainsheet: calorie & gym log,
2026-09-01,autocomplete_hint,us,,,calorie,g,gympal: calorie & gym tracker,
2026-09-01,autocomplete_hint,us,,,calorie,g,toga: ai calorie & gym coach,
2026-09-01,autocomplete_hint,us,,,calorie,h,calorie help - calorie tracker,
2026-09-01,autocomplete_hint,us,,,calorie,h,calorie helper,
2026-09-01,autocomplete_hint,us,,,calorie,h,calorie helper pro,
2026-09-01,autocomplete_hint,us,,,calorie,h,blueberry: ai calorie & health,
2026-09-01,autocomplete_hint,us,,,calorie,h,exo: calorie & health tracker,
2026-09-01,autocomplete_hint,us,,,calorie,h,hebit - calorie & health,
2026-09-01,autocomplete_hint,us,,,calorie,h,nuely: calorie & health coach,
2026-09-01,autocomplete_hint,us,,,calorie,h,vigor: calorie & habit tracker,
2026-09-01,autocomplete_hint,us,,,calorie,i,calorie intake tracker,
2026-09-01,autocomplete_hint,us,,,calorie,i,calorie ia,
2026-09-01,autocomplete_hint,us,,,calorie,i,calorie intake,
2026-09-01,autocomplete_hint,us,,,calorie,i,calorie intake tracker free,
2026-09-01,autocomplete_hint,us,,,calorie,i,calorie intake calculator,
2026-09-01,autocomplete_hint,us,,,calorie,i,calai: calorie intake tracker,
2026-09-01,autocomplete_hint,us,,,calorie,i,beyou: compteur calorie ia,
2026-09-01,autocomplete_hint,us,,,calorie,i,cal ai calorie intake tracker,
2026-09-01,autocomplete_hint,us,,,calorie,j,calorie journal,
2026-09-01,autocomplete_hint,us,,,calorie,j,calorie journal: ai counter,
2026-09-01,autocomplete_hint,us,,,calorie,j,morsel: calorie journal,
2026-09-01,autocomplete_hint,us,,,calorie,j,ollie calorie journal,
2026-09-01,autocomplete_hint,us,,,calorie,j,simple-calorie-journal,
2026-09-01,autocomplete_hint,us,,,calorie,j,toast - calorie journal,
2026-09-01,autocomplete_hint,us,,,calorie,k,calorie king,
2026-09-01,autocomplete_hint,us,,,calorie,k,calorie king carb counter,
2026-09-01,autocomplete_hint,us,,,calorie,k,calorie king: calorie tracker,
2026-09-01,autocomplete_hint,us,,,calorie,k,my calorie king,
2026-09-01,autocomplete_hint,us,,,calorie,k,calorie king food search,
2026-09-01,autocomplete_hint,us,,,calorie,k,calorie king- calorie counter,
2026-09-01,autocomplete_hint,us,,,calorie,k,calorie keeper,
2026-09-01,autocomplete_hint,us,,,calorie,k,"moovefit calorie, keto counter",
2026-09-01,autocomplete_hint,us,,,calorie,k,my score plus calorie & keto,
2026-09-01,autocomplete_hint,us,,,calorie,k,calorieking,
2026-09-01,autocomplete_hint,us,,,calorie,l,calorie lookup,
2026-09-01,autocomplete_hint,us,,,calorie,l,calorie logger,
2026-09-01,autocomplete_hint,us,,,calorie,l,calorie log,
2026-09-01,autocomplete_hint,us,,,calorie,l,calorie log free,
2026-09-01,autocomplete_hint,us,,,calorie,l,calorie list,
2026-09-01,autocomplete_hint,us,,,calorie,l,calorie loss tracker,
2026-09-01,autocomplete_hint,us,,,calorie,l,calorie-log,
2026-09-01,autocomplete_hint,us,,,calorie,l,calorie log - calorie counter,
2026-09-01,autocomplete_hint,us,,,calorie,l,calorie lab,
2026-09-01,autocomplete_hint,us,,,calorie,l,calorie ledger,
2026-09-01,autocomplete_hint,us,,,calorie,m,calorie manager,
2026-09-01,autocomplete_hint,us,,,calorie,m,calorie manager: walk & reward,
2026-09-01,autocomplete_hint,us,,,calorie,m,calorie mama ai,
2026-09-01,autocomplete_hint,us,,,calorie,m,calorie macro tracker,
2026-09-01,autocomplete_hint,us,,,calorie,m,calorie mama,
2026-09-01,autocomplete_hint,us,,,calorie,m,calorie maintenance calculator,
2026-09-01,autocomplete_hint,us,,,calorie,m,free calorie macro counter,
2026-09-01,autocomplete_hint,us,,,calorie,m,vellyn: calorie & meal plan,
2026-09-01,autocomplete_hint,us,,,calorie,m,elizabite - calorie & macros,
2026-09-01,autocomplete_hint,us,,,calorie,m,fitbee calorie & macro counter,
2026-09-01,autocomplete_hint,us,,,calorie,n,calorie nutrition tracker,
2026-09-01,autocomplete_hint,us,,,calorie,n,calorie net,
2026-09-01,autocomplete_hint,us,,,calorie,n,calorie & nutrition,
2026-09-01,autocomplete_hint,us,,,calorie,n,calorie & nutrition - foodnote,
2026-09-01,autocomplete_hint,us,,,calorie,n,calorie & nutrition tracker ai,
2026-09-01,autocomplete_hint,us,,,calorie,n,calorie note,
2026-09-01,autocomplete_hint,us,,,calorie,n,ai calorie & nutrition tracker,
2026-09-01,autocomplete_hint,us,,,calorie,n,nutriscan: calorie & nutrition,
2026-09-01,autocomplete_hint,us,,,calorie,n,sugar ai - calorie & nutrition,
2026-09-01,autocomplete_hint,us,,,calorie,p,calorie protein tracker,
2026-09-01,autocomplete_hint,us,,,calorie,p,calorie picture tracker,
2026-09-01,autocomplete_hint,us,,,calorie,p,calorie photo app,
2026-09-01,autocomplete_hint,us,,,calorie,p,"calorie, protien tracker",
2026-09-01,autocomplete_hint,us,,,calorie,p,calorie plus,
2026-09-01,autocomplete_hint,us,,,calorie,p,calorie picture,
2026-09-01,autocomplete_hint,us,,,calorie,p,calorie picture tracker free,
2026-09-01,autocomplete_hint,us,,,calorie,p,free calorie protein tracker,
2026-09-01,autocomplete_hint,us,,,calorie,p,calorie pal,
2026-09-01,autocomplete_hint,us,,,calorie,p,calo · calorie photo,
2026-09-01,autocomplete_hint,us,,,calorie,q,calorie quiz,
2026-09-01,autocomplete_hint,us,,,calorie,r,calorie racoon,
2026-09-01,autocomplete_hint,us,,,calorie,r,zen lean: calorie & recovery,
2026-09-01,autocomplete_hint,us,,,calorie,r,low calorie recipe book,
2026-09-01,autocomplete_hint,us,,,calorie,r,low calorie recipes,
2026-09-01,autocomplete_hint,us,,,calorie,r,calorie reader ai,
2026-09-01,autocomplete_hint,us,,,calorie,r,calorie record：calorie counter,
2026-09-01,autocomplete_hint,us,,,calorie,r,calorie report,
2026-09-01,autocomplete_hint,us,,,calorie,r,calorie receipt: ai food log,
2026-09-01,autocomplete_hint,us,,,calorie,r,calorie reserve - food tracker,
2026-09-01,autocomplete_hint,us,,,calorie,r,akli: ai calorie & recipe scan,
2026-09-01,autocomplete_hint,us,,,calorie,s,calorie scanner free,
2026-09-01,autocomplete_hint,us,,,calorie,s,calorie scanner,
2026-09-01,autocomplete_hint,us,,,calorie,s,food calorie scanner free,
2026-09-01,autocomplete_hint,us,,,calorie,s,calorie snapshot: cal tracker,
2026-09-01,autocomplete_hint,us,,,calorie,s,calorie simple,
2026-09-01,autocomplete_hint,us,,,calorie,s,calorie step tracker,
2026-09-01,autocomplete_hint,us,,,calorie,s,calorie surplus,
2026-09-01,autocomplete_hint,us,,,calorie,s,truwell: calorie & safety scan,
2026-09-01,autocomplete_hint,us,,,calorie,s,vitamind - calorie scanner,
2026-09-01,autocomplete_hint,us,,,calorie,s,calorie scan,
2026-09-01,autocomplete_hint,us,,,calorie,t,calorie tracker free,
2026-09-01,autocomplete_hint,us,,,calorie,t,calorie tracker,
2026-09-01,autocomplete_hint,us,,,calorie,t,calorie tracker no subscription,
2026-09-01,autocomplete_hint,us,,,calorie,t,calorie tracking,
2026-09-01,autocomplete_hint,us,,,calorie,t,calorie tracking free,
2026-09-01,autocomplete_hint,us,,,calorie,t,calorie tracker buddy,
2026-09-01,autocomplete_hint,us,,,calorie,t,calorie tracker and food tracker,
2026-09-01,autocomplete_hint,us,,,calorie,t,calorie tracker racoon,
2026-09-01,autocomplete_hint,us,,,calorie,t,calsnap: calorie tracker,
2026-09-01,autocomplete_hint,us,,,calorie,t,bitecap: ai calorie tracker,
2026-09-01,autocomplete_hint,us,,,calorie,v,calorie vita,
2026-09-01,autocomplete_hint,us,,,calorie,w,calorie weight tracker,
2026-09-01,autocomplete_hint,us,,,calorie,w,calorie widget,
2026-09-01,autocomplete_hint,us,,,calorie,w,calorie watcher,
2026-09-01,autocomplete_hint,us,,,calorie,w,calorie watch,
2026-09-01,autocomplete_hint,us,,,calorie,w,lazycal: calorie & workout log,
2026-09-01,autocomplete_hint,us,,,calorie,w,calorie wise: ai food tracker,
2026-09-01,autocomplete_hint,us,,,calorie,w,calorie & weight tracker ai,
2026-09-01,autocomplete_hint,us,,,calorie,w,calorie wheel,
2026-09-01,autocomplete_hint,us,,,calorie,w,calorie water ai 11,
2026-09-01,autocomplete_hint,us,,,calorie,w,ai calorie & wellness tracker,
2026-09-01,autocomplete_hint,us,,,calorie,x,calorie counter free,
2026-09-01,autocomplete_hint,us,,,calorie,x,calorie cam: ai food tracker,
2026-09-01,autocomplete_hint,us,,,calorie,x,calorie care | كالوري كير,
2026-09-01,autocomplete_hint,us,,,calorie,x,calorie counter,
2026-09-01,autocomplete_hint,us,,,calorie,x,calorie calculator,
2026-09-01,autocomplete_hint,us,,,calorie,x,calorie counter & food tracker,
2026-09-01,autocomplete_hint,us,,,calorie,x,calorie cap,
2026-09-01,autocomplete_hint,us,,,calorie,x,calorie counter by fatsecret,
2026-09-01,autocomplete_hint,us,,,calorie,x,calorie calculator free,
2026-09-01,autocomplete_hint,us,,,calorie,x,calorie counter: fat secret,
2026-09-01,autocomplete_hint,us,,,calorie,y,calorie tracker free,
2026-09-01,autocomplete_hint,us,,,calorie,y,calorie tracker,
2026-09-01,autocomplete_hint,us,,,calorie,y,calorie tracker no subscription,
2026-09-01,autocomplete_hint,us,,,calorie,y,calorie tracking,
2026-09-01,autocomplete_hint,us,,,calorie,y,calorie tracking free,
2026-09-01,autocomplete_hint,us,,,calorie,y,calorie tracker buddy,
2026-09-01,autocomplete_hint,us,,,calorie,y,calorie tracker and food tracker,
2026-09-01,autocomplete_hint,us,,,calorie,y,calorie tracker racoon,
2026-09-01,autocomplete_hint,us,,,calorie,y,calsnap: calorie tracker,
2026-09-01,autocomplete_hint,us,,,calorie,y,bitecap: ai calorie tracker,
2026-09-01,chart_entry,us,6013,426826309,,topfreeapplications_rank,1,"Strava: Run, Bike, Walk | new_entrant=False"
2026-09-01,chart_entry,us,6013,399857015,,topfreeapplications_rank,2,Planet Fitness | new_entrant=False
2026-09-01,chart_entry,us,6013,6759914925,,topfreeapplications_rank,3,New EōS Fitness | new_entrant=False
2026-09-01,chart_entry,us,6013,1038369065,,topfreeapplications_rank,4,Flo Cycle & Period Tracker | new_entrant=False
2026-09-01,chart_entry,us,6013,1092799236,,topfreeapplications_rank,5,Yuka - Food & Cosmetic Scanner | new_entrant=False
2026-09-01,chart_entry,us,6013,6746144481,,topfreeapplications_rank,6,MenuFit - Healthy Eating Out | new_entrant=False
2026-09-01,chart_entry,us,6013,1502936453,,topfreeapplications_rank,7,LADDER Strength Training Plans | new_entrant=False
2026-09-01,chart_entry,us,6013,398210959,,topfreeapplications_rank,8,Crunch Fitness | new_entrant=False
2026-09-01,chart_entry,us,6013,341232718,,topfreeapplications_rank,9,MyFitnessPal: Calorie Counter | new_entrant=False
2026-09-01,chart_entry,us,6013,6480417616,,topfreeapplications_rank,10,Cal AI - Calorie Tracker | new_entrant=False
2026-09-01,chart_entry,us,6013,1528595748,,topfreeapplications_rank,11,Finch: Self-Care Pet | new_entrant=False
2026-09-01,chart_entry,us,6013,1453884781,,topfreeapplications_rank,12,RISE: Sleep Tracker | new_entrant=False
2026-09-01,chart_entry,us,6013,1454213029,,topfreeapplications_rank,13,WeWard - Walking Rewards App | new_entrant=False
2026-09-01,chart_entry,us,6013,979101825,,topfreeapplications_rank,14,StepUp Pedometer Step Counter | new_entrant=False
2026-09-01,chart_entry,us,6013,405075943,,topfreeapplications_rank,15,"AllTrails: Hike, Bike & Run | new_entrant=False"
2026-09-01,chart_entry,us,6013,1145935738,,topfreeapplications_rank,16,Cronometer: Calorie Counter | new_entrant=False
2026-09-01,chart_entry,us,6013,1043837948,,topfreeapplications_rank,17,Oura | new_entrant=False
2026-09-01,chart_entry,us,6013,912947244,,topfreeapplications_rank,18,"ClassPass: Fitness, Spa, Salon | new_entrant=False"
2026-09-01,chart_entry,us,6013,583446403,,topfreeapplications_rank,19,Garmin Connect™ | new_entrant=False
2026-09-01,chart_entry,us,6013,1041517543,,topfreeapplications_rank,20,Fitbod: Gym & Fitness Planner | new_entrant=False
2026-09-01,chart_entry,us,6013,1037595083,,topfreeapplications_rank,21,StepsApp Pedometer | new_entrant=False
2026-09-01,chart_entry,us,6013,1458862350,,topfreeapplications_rank,22,Hevy - Workout Tracker Gym Log | new_entrant=False
2026-09-01,chart_entry,us,6013,6758021281,,topfreeapplications_rank,23,Wayk: Alarm Clock to Wake Up | new_entrant=False
2026-09-01,chart_entry,us,6013,6502008032,,topfreeapplications_rank,24,FusionGO | new_entrant=False
2026-09-01,chart_entry,us,6013,1477782599,,topfreeapplications_rank,25,Hume Health | new_entrant=False
2026-09-01,chart_entry,us,6013,1264546236,,topfreeapplications_rank,26,BetterMe Well-Being Coach | new_entrant=False
2026-09-01,chart_entry,us,6013,689501356,,topfreeapplications_rank,27,Mindbody: Fitness & Wellness | new_entrant=False
2026-09-01,chart_entry,us,6013,1261033071,,topfreeapplications_rank,28,Aetna Health | new_entrant=False
2026-09-01,chart_entry,us,6013,876080126,,topfreeapplications_rank,29,Motivation - Daily quotes | new_entrant=False
2026-09-01,chart_entry,us,6013,462638897,,topfreeapplications_rank,30,Google Health (Fitbit) | new_entrant=False
2026-09-01,chart_entry,us,6013,6477549878,,topfreeapplications_rank,31,Tolan: Your Friendly Guide | new_entrant=False
2026-09-01,chart_entry,us,6013,1158048301,,topfreeapplications_rank,32,Hatch Sleep | new_entrant=False
2026-09-01,chart_entry,us,6013,387771637,,topfreeapplications_rank,33,Nike Run Club: Running Coach | new_entrant=False
2026-09-01,chart_entry,us,6013,1495829322,,topfreeapplications_rank,34,Stardust Period Tracker | new_entrant=False
2026-09-01,chart_entry,us,6013,6456176249,,topfreeapplications_rank,35,Bevel: AI Health Coach | new_entrant=False
2026-09-01,chart_entry,us,6013,1457956232,,topfreeapplications_rank,36,WalkFit: Weight Loss Tracker | new_entrant=False
2026-09-01,chart_entry,us,6013,874656917,,topfreeapplications_rank,37,I am - Daily Affirmations | new_entrant=False
2026-09-01,chart_entry,us,6013,376098999,,topfreeapplications_rank,38,LA Fitness Mobile | new_entrant=False
2026-09-01,chart_entry,us,6013,287529757,,topfreeapplications_rank,39,Calorie Counter - MyNetDiary | new_entrant=False
2026-09-01,chart_entry,us,6013,569266174,,topfreeapplications_rank,40,myCigna | new_entrant=False
2026-09-01,chart_entry,us,6013,6468660073,,topfreeapplications_rank,41,iCardiac: Heart Rate & Health | new_entrant=False
2026-09-01,chart_entry,us,6013,896501514,,topfreeapplications_rank,42,Period Tracker Period Calendar | new_entrant=False
2026-09-01,chart_entry,us,6013,1467720176,,topfreeapplications_rank,43,Simple: AI Weight Loss Coach | new_entrant=False
2026-09-01,chart_entry,us,6013,1594204443,,topfreeapplications_rank,44,Runna: Running Plans & Coach | new_entrant=False
2026-09-01,chart_entry,us,6013,297368629,,topfreeapplications_rank,45,Lose It! – Calorie Counter | new_entrant=False
2026-09-01,chart_entry,us,6013,6474290049,,topfreeapplications_rank,46,Calorie Counter by Numify | new_entrant=False
2026-09-01,chart_entry,us,6013,6755553298,,topfreeapplications_rank,47,Scout - Health Analysis | new_entrant=False
2026-09-01,chart_entry,us,6013,571800810,,topfreeapplications_rank,48,Calm | new_entrant=False
2026-09-01,chart_entry,us,6013,6744920106,,topfreeapplications_rank,49,Heart Beat: Heart Rate Monitor | new_entrant=False
2026-09-01,chart_entry,us,6013,1553503471,,topfreeapplications_rank,50,MacroFactor - Macro Tracker | new_entrant=False
2026-09-01,chart_entry,us,6013,6478762529,,topfreeapplications_rank,51,Heartwell: Track Health | new_entrant=False
2026-09-01,chart_entry,us,6013,1543340610,,topfreeapplications_rank,52,RENPHO Health | new_entrant=False
2026-09-01,chart_entry,us,6013,6448081563,,topfreeapplications_rank,53,Liftoff - Ranked Gym Workouts | new_entrant=False
2026-09-01,chart_entry,us,6013,493390354,,topfreeapplications_rank,54,Kaiser Permanente | new_entrant=False
2026-09-01,chart_entry,us,6013,6742904990,,topfreeapplications_rank,55,Heartica: Heart Rate Monitor | new_entrant=False
2026-09-01,chart_entry,us,6013,971023427,,topfreeapplications_rank,56,Sweatcoin Walking Step Counter | new_entrant=False
2026-09-01,chart_entry,us,6013,6443740936,,topfreeapplications_rank,57,Lyfta: Gym Workout Tracker Log | new_entrant=False
2026-09-01,chart_entry,us,6013,1192326768,,topfreeapplications_rank,58,Life Time Digital | new_entrant=False
2026-09-01,chart_entry,us,6013,1538397461,,topfreeapplications_rank,59,Lumenate: Explore & Relax | new_entrant=False
2026-09-01,chart_entry,us,6013,1291447822,,topfreeapplications_rank,60,24GO by 24 Hour Fitness | new_entrant=False
2026-09-01,chart_entry,us,6013,1089747982,,topfreeapplications_rank,61,Medbridge GO for Patients | new_entrant=False
2026-09-01,chart_entry,us,6013,6778760884,,topfreeapplications_rank,62,Potto: Meal Planner & Recipes | new_entrant=False
2026-09-01,chart_entry,us,6013,6756000479,,topfreeapplications_rank,63,Sweatmates: Partner Fitness | new_entrant=False
2026-09-01,chart_entry,us,6013,6448732070,,topfreeapplications_rank,64,Nourish: Eating Well Made Easy | new_entrant=False
2026-09-01,chart_entry,us,6013,657189652,,topfreeapplications_rank,65,Clue Period & Cycle Tracker | new_entrant=False
2026-09-01,chart_entry,us,6013,6477849675,,topfreeapplications_rank,66,Stompers: Walking Step Counter | new_entrant=False
2026-09-01,chart_entry,us,6013,6472631698,,topfreeapplications_rank,67,INTVL | new_entrant=False
2026-09-01,chart_entry,us,6013,493145008,,topfreeapplications_rank,68,Headspace: Sleep & Meditation | new_entrant=False
2026-09-01,chart_entry,us,6013,995252384,,topfreeapplications_rank,69,BetterHelp - Therapy | new_entrant=False
2026-09-01,chart_entry,us,6013,1346247457,,topfreeapplications_rank,70,Endel: Focus & Sleep Sounds | new_entrant=False
2026-09-01,chart_entry,us,6013,933944389,,topfreeapplications_rank,71,WHOOP | new_entrant=False
2026-09-01,chart_entry,us,6013,6791916451,,topfreeapplications_rank,72,SleepSense: Sleep Tracker | new_entrant=False
2026-09-01,chart_entry,us,6013,6788420814,,topfreeapplications_rank,73,Proven: Daily Motivation | new_entrant=False
2026-09-01,chart_entry,us,6013,291890420,,topfreeapplications_rank,74,Map My Run GPS Running Tracker | new_entrant=False
2026-09-01,chart_entry,us,6013,1669413773,,topfreeapplications_rank,75,LazyFit: Workout For Beginners | new_entrant=False
2026-09-01,chart_entry,us,6013,600446812,,topfreeapplications_rank,76,Pacer Pedometer Step Counter | new_entrant=False
2026-09-01,chart_entry,us,6013,6447674634,,topfreeapplications_rank,77,"Lively - Period Tracker, Cycle | new_entrant=False"
2026-09-01,chart_entry,us,6013,1598355340,,topfreeapplications_rank,78,AF App | new_entrant=False
2026-09-01,chart_entry,us,6013,712286167,,topfreeapplications_rank,79,Pedometer++ | new_entrant=False
2026-09-01,chart_entry,us,6013,6514310473,,topfreeapplications_rank,80,Sleep Tracker & Sound by Remly | new_entrant=False
2026-09-01,chart_entry,us,6013,6454721011,,topfreeapplications_rank,81,Studio Era | new_entrant=False
2026-09-01,chart_entry,us,6013,573016251,,topfreeapplications_rank,82,BCBSTX | new_entrant=False
2026-09-01,chart_entry,us,6013,6447434453,,topfreeapplications_rank,83,Calo: AI Food Calorie Counter | new_entrant=False
2026-09-01,chart_entry,us,6013,1513988468,,topfreeapplications_rank,84,Bend: Stretching & Flexibility | new_entrant=False
2026-09-01,chart_entry,us,6013,1485756576,,topfreeapplications_rank,85,Reframe: Drink Less & Thrive | new_entrant=False
2026-09-01,chart_entry,us,6013,1064020872,,topfreeapplications_rank,86,Foodvisor - AI Calorie Counter | new_entrant=False
2026-09-01,chart_entry,us,6013,1313192037,,topfreeapplications_rank,87,Home Workout - No Equipments | new_entrant=False
2026-09-01,chart_entry,us,6013,6744178534,,topfreeapplications_rank,88,MeAgain: GLP-1 Tracker App | new_entrant=False
2026-09-01,chart_entry,us,6013,1166317885,,topfreeapplications_rank,89,OMRON connect US/CAN/EMEA | new_entrant=False
2026-09-01,chart_entry,us,6013,1297093746,,topfreeapplications_rank,90,GymMaster Member | new_entrant=False
2026-09-01,chart_entry,us,6013,1516248105,,topfreeapplications_rank,91,VeryFit | new_entrant=False
2026-09-01,chart_entry,us,6013,1316004998,,topfreeapplications_rank,92,Da Fit | new_entrant=False
2026-09-01,chart_entry,us,6013,884923678,,topfreeapplications_rank,93,InBody | new_entrant=False
2026-09-01,chart_entry,us,6013,1083248251,,topfreeapplications_rank,94,White Noise Deep Sleep Sounds | new_entrant=False
2026-09-01,chart_entry,us,6013,6744416231,,topfreeapplications_rank,95,Grow Therapy | new_entrant=False
2026-09-01,chart_entry,us,6013,6471813274,,topfreeapplications_rank,96,iHome Fitness & Health | new_entrant=False
2026-09-01,chart_entry,us,6013,337472899,,topfreeapplications_rank,97,"Insight Timer: Meditate, Sleep | new_entrant=False"
2026-09-01,chart_entry,us,6013,6739765789,,topfreeapplications_rank,98,Olive: Food & Cosmetic Scanner | new_entrant=False
2026-09-01,chart_entry,us,6013,765535549,,topfreeapplications_rank,99,Natural Cycles: Fertility App | new_entrant=False
2026-09-01,chart_entry,us,6013,6504838951,,topfreeapplications_rank,100,SuppCo: Supplement Scanner | new_entrant=False
2026-09-01,chart_entry,us,6013,963034692,,toppaidapplications_rank,1,Streaks | new_entrant=False
2026-09-01,chart_entry,us,6013,1164801111,,toppaidapplications_rank,2,AutoSleep: Watch Sleep Tracker | new_entrant=False
2026-09-01,chart_entry,us,6013,1062745479,,toppaidapplications_rank,3,HeartWatch: Heart Rate Monitor | new_entrant=False
2026-09-01,chart_entry,us,6013,1241909999,,toppaidapplications_rank,4,WorkOutDoors | new_entrant=False
2026-09-01,chart_entry,us,6013,1202650514,,toppaidapplications_rank,5,HealthFit | new_entrant=False
2026-09-01,chart_entry,us,6013,289894882,,toppaidapplications_rank,6,White Noise | new_entrant=False
2026-09-01,chart_entry,us,6013,1569922923,,toppaidapplications_rank,7,Air & Space Fitness Calculator | new_entrant=False
2026-09-01,chart_entry,us,6013,448474423,,toppaidapplications_rank,8,Couch to 5K® - Run training | new_entrant=False
2026-09-01,chart_entry,us,6013,379485721,,toppaidapplications_rank,9,Blood Type Diet® | new_entrant=False
2026-09-01,chart_entry,us,6013,1524577846,,toppaidapplications_rank,10,PepCalc: Peptide Calculator | new_entrant=False
2026-09-01,chart_entry,us,6013,363978811,,toppaidapplications_rank,11,Seconds Pro Interval Timer | new_entrant=False
2026-09-01,chart_entry,us,6013,6739737107,,toppaidapplications_rank,12,Peptide Tracker Calculator | new_entrant=False
2026-09-01,chart_entry,us,6013,1142095221,,toppaidapplications_rank,13,Clock Yourself | new_entrant=False
2026-09-01,chart_entry,us,6013,419606496,,toppaidapplications_rank,14,Baby Shusher Sleep Miracle App | new_entrant=False
2026-09-01,chart_entry,us,6013,352247139,,toppaidapplications_rank,15,Calorie Counter PRO MyNetDiary | new_entrant=False
2026-09-01,chart_entry,us,6013,1517914828,,toppaidapplications_rank,16,Watch to 5K－Couch to 5km coach | new_entrant=False
2026-09-01,chart_entry,us,6013,1044950341,,toppaidapplications_rank,17,Streaks Workout | new_entrant=False
2026-09-01,chart_entry,us,6013,6780077059,,toppaidapplications_rank,18,Baby Bath Thermometer | new_entrant=False
2026-09-01,chart_entry,us,6013,1578243186,,toppaidapplications_rank,19,Little Bean: Pregnancy Skin | new_entrant=False
2026-09-01,chart_entry,us,6013,6753310758,,toppaidapplications_rank,20,Nomo Widgets | new_entrant=False
2026-09-01,chart_entry,us,6013,307219387,,toppaidapplications_rank,21,BrainWave: 37 Binaural Series™ | new_entrant=False
2026-09-01,chart_entry,us,6013,961611581,,toppaidapplications_rank,22,Calm Harm – manage self-harm | new_entrant=False
2026-09-01,chart_entry,us,6013,347400507,,toppaidapplications_rank,23,Pocket Yoga | new_entrant=False
2026-09-01,chart_entry,us,6013,988527143,,toppaidapplications_rank,24,Mind Monitor | new_entrant=False
2026-09-01,chart_entry,us,6013,479013889,,toppaidapplications_rank,25,DBT Diary Card & Skills Coach | new_entrant=False
2026-09-01,chart_entry,us,6013,1322189546,,toppaidapplications_rank,26,CoreEX | new_entrant=False
2026-09-01,chart_entry,us,6013,1175807581,,toppaidapplications_rank,27,Periodic Timer + | new_entrant=False
2026-09-01,chart_entry,us,6013,1590924299,,toppaidapplications_rank,28,Float Control: VESC Companion | new_entrant=False
2026-09-01,chart_entry,us,6013,686923970,,toppaidapplications_rank,29,HRV4Training | new_entrant=False
2026-09-01,chart_entry,us,6013,646414918,,toppaidapplications_rank,30,RunTempo - Runners Metronome | new_entrant=False
2026-09-01,chart_entry,us,6013,862773459,,toppaidapplications_rank,31,Noisli | new_entrant=False
2026-09-01,chart_entry,us,6013,478610069,,toppaidapplications_rank,32,The Work App | new_entrant=False
2026-09-01,chart_entry,us,6013,1477944755,,toppaidapplications_rank,33,Health Export CSV | new_entrant=False
2026-09-01,chart_entry,us,6013,323061162,,toppaidapplications_rank,34,Sleep Machine | new_entrant=False
2026-09-01,chart_entry,us,6013,6767054122,,toppaidapplications_rank,35,IC101 Food App | new_entrant=False
2026-09-01,chart_entry,us,6013,1264769388,,toppaidapplications_rank,36,EoEbooks | new_entrant=False
2026-09-01,chart_entry,us,6013,6753123163,,toppaidapplications_rank,37,Sunrise Alarm for Smart Lights | new_entrant=False
2026-09-01,chart_entry,us,6013,319043985,,toppaidapplications_rank,38,Get Running | new_entrant=False
2026-09-01,chart_entry,us,6013,1428570992,,toppaidapplications_rank,39,Skincare Routine | new_entrant=False
2026-09-01,chart_entry,us,6013,1273547462,,toppaidapplications_rank,40,Whole Eats | new_entrant=False
2026-09-01,chart_entry,us,6013,6502886443,,toppaidapplications_rank,41,FlexiAlarm: Watch Alarm | new_entrant=False
2026-09-01,chart_entry,us,6013,6785533800,,toppaidapplications_rank,42,WristPeriod: Period Tracker | new_entrant=False
2026-09-01,chart_entry,us,6013,768905897,,toppaidapplications_rank,43,LivingTo100.com | new_entrant=False
2026-09-01,chart_entry,us,6013,6761281378,,toppaidapplications_rank,44,Styrka - Gym Tracker | new_entrant=False
2026-09-01,chart_entry,us,6013,410965399,,toppaidapplications_rank,45,iSmoothRun | new_entrant=False
2026-09-01,chart_entry,us,6013,1265932217,,toppaidapplications_rank,46,IAM Yoga Nidra™ | new_entrant=False
2026-09-01,chart_entry,us,6013,6759926783,,toppaidapplications_rank,47,Red Mode: Night Red Screen | new_entrant=False
2026-09-01,chart_entry,us,6013,6751239297,,toppaidapplications_rank,48,O2 Buddy: Blood Oxygen SpO2 | new_entrant=False
2026-09-01,chart_entry,us,6013,410413185,,toppaidapplications_rank,49,Weight Diary | new_entrant=False
2026-09-01,chart_entry,us,6013,687421118,,toppaidapplications_rank,50,Buddhify: Guided Meditation | new_entrant=False
2026-09-01,chart_entry,us,6013,6781699989,,toppaidapplications_rank,51,SportVitals: Recovery & HRV | new_entrant=False
2026-09-01,chart_entry,us,6013,1496042074,,toppaidapplications_rank,52,Health Data Server | new_entrant=False
2026-09-01,chart_entry,us,6013,354176883,,toppaidapplications_rank,53,Relax & Rest Guided Meditation | new_entrant=False
2026-09-01,chart_entry,us,6013,1634985225,,toppaidapplications_rank,54,COGNURO TAP | new_entrant=False
2026-09-01,chart_entry,us,6013,1508108761,,toppaidapplications_rank,55,EasyQuit Pro - Stop Smoking | new_entrant=False
2026-09-01,chart_entry,us,6013,473539105,,toppaidapplications_rank,56,Workout Calendar - Motivation | new_entrant=False
2026-09-01,chart_entry,us,6013,429135422,,toppaidapplications_rank,57,WomanLog Pro Calendar | new_entrant=False
2026-09-01,chart_entry,us,6013,914413310,,toppaidapplications_rank,58,FitPort | new_entrant=False
2026-09-01,chart_entry,us,6013,341935130,,toppaidapplications_rank,59,Health through Breath - Pranayama | new_entrant=False
2026-09-01,chart_entry,us,6013,917795269,,toppaidapplications_rank,60,Hot Yoga Timer - Bikram | new_entrant=False
2026-09-01,chart_entry,us,6013,6477340052,,toppaidapplications_rank,61,CSIDAssist | new_entrant=False
2026-09-01,chart_entry,us,6013,1301427885,,toppaidapplications_rank,62,Hatch Squat Program | new_entrant=False
2026-09-01,chart_entry,us,6013,1172749900,,toppaidapplications_rank,63,Heart Rate Plus Monitor PRO | new_entrant=False
2026-09-01,chart_entry,us,6013,6749619960,,toppaidapplications_rank,64,IRespond_v1 | new_entrant=False
2026-09-01,chart_entry,us,6013,6777733622,,toppaidapplications_rank,65,Tōki - Meditation timer | new_entrant=False
2026-09-01,chart_entry,us,6013,6541757349,,toppaidapplications_rank,66,Express Daily Macro Tracker | new_entrant=False
2026-09-01,chart_entry,us,6013,6753325295,,toppaidapplications_rank,67,Somatic Forecast | new_entrant=False
2026-09-01,chart_entry,us,6013,1608160732,,toppaidapplications_rank,68,Blood pressure report | new_entrant=False
2026-09-01,chart_entry,us,6013,6802301405,,toppaidapplications_rank,69,Cindy - Crossfit Workout | new_entrant=False
2026-09-01,chart_entry,us,6013,1088672024,,toppaidapplications_rank,70,Fitmeter Bike - GPS Cycling | new_entrant=False
2026-09-01,chart_entry,us,6013,6758952613,,toppaidapplications_rank,71,Klench: Kegel Trainer | new_entrant=False
2026-09-01,chart_entry,us,6013,1536343162,,toppaidapplications_rank,72,Sobriety Counter - Pro | new_entrant=False
2026-09-01,chart_entry,us,6013,471786434,,toppaidapplications_rank,73,Pocket Yoga Teacher | new_entrant=False
2026-09-01,chart_entry,us,6013,6753156958,,toppaidapplications_rank,74,Hourly Steps Reminder | new_entrant=False
2026-09-01,chart_entry,us,6013,1347597121,,toppaidapplications_rank,75,Box Breathe | new_entrant=False
2026-09-01,chart_entry,us,6013,6743547737,,toppaidapplications_rank,76,PowNap | new_entrant=False
2026-09-01,chart_entry,us,6013,6747005575,,toppaidapplications_rank,77,Oona: Ferber Method Timer | new_entrant=False
2026-09-01,chart_entry,us,6013,566752651,,toppaidapplications_rank,78,Rainy Mood | new_entrant=False
2026-09-01,chart_entry,us,6013,1462584573,,toppaidapplications_rank,79,Schumann Resonance | new_entrant=False
2026-09-01,chart_entry,us,6013,6475634754,,toppaidapplications_rank,80,BpExtract - for Hilo | new_entrant=False
2026-09-01,chart_entry,us,6013,6757393068,,toppaidapplications_rank,81,Canter: Run Walk Training | new_entrant=False
2026-09-01,chart_entry,us,6013,903091325,,toppaidapplications_rank,82,Potassium Counter & Tracker | new_entrant=False
2026-09-01,chart_entry,us,6013,683984776,,toppaidapplications_rank,83,Heart Rate Variability Logger | new_entrant=False
2026-09-01,chart_entry,us,6013,1062915865,,toppaidapplications_rank,84,Fast Tract Diet | new_entrant=False
2026-09-01,chart_entry,us,6013,6761294648,,toppaidapplications_rank,85,"MANIC MILES 3,090 | new_entrant=False"
2026-09-01,chart_entry,us,6013,937793199,,toppaidapplications_rank,86,Ref Guide for Essential Oils | new_entrant=False
2026-09-01,chart_entry,us,6013,1234962944,,toppaidapplications_rank,87,Magna Wave | new_entrant=False
2026-09-01,chart_entry,us,6013,6761014182,,toppaidapplications_rank,88,Cadence Running Metronome | new_entrant=False
2026-09-01,chart_entry,us,6013,1532827079,,toppaidapplications_rank,89,Brain Tool Kit | new_entrant=False
2026-09-01,chart_entry,us,6013,6745131744,,toppaidapplications_rank,90,72Hour Fasting Timer | new_entrant=False
2026-09-01,chart_entry,us,6013,6753857905,,toppaidapplications_rank,91,WombWisdom by Nourishment 101 | new_entrant=False
2026-09-01,chart_entry,us,6013,448200679,,toppaidapplications_rank,92,Meditation & Relax Music Pro | new_entrant=False
2026-09-01,chart_entry,us,6013,985970592,,toppaidapplications_rank,93,Hatch Squat Calculator | new_entrant=False
2026-09-01,chart_entry,us,6013,6794077110,,toppaidapplications_rank,94,Daily Rose App | new_entrant=False
2026-09-01,chart_entry,us,6013,647038074,,toppaidapplications_rank,95,Anxiety Release based on EMDR | new_entrant=False
2026-09-01,chart_entry,us,6013,362389803,,toppaidapplications_rank,96,Progressive Alarm Clock | new_entrant=False
2026-09-01,chart_entry,us,6013,6785919923,,newapplications_rank,1,Hero Clash Legends | new_entrant=False
2026-09-01,chart_entry,us,6013,6777507072,,newapplications_rank,2,XLSX Spreadsheets Editor | new_entrant=False
2026-09-01,chart_entry,us,6013,6762939158,,newapplications_rank,3,LYS: Planner & Journal | new_entrant=False
2026-09-01,chart_entry,us,6013,6787935014,,newapplications_rank,4,Habit Tracker: Routine Check | new_entrant=False
2026-09-01,chart_entry,us,6013,6775845427,,newapplications_rank,5,Palaestra OS | new_entrant=False
2026-09-01,chart_entry,us,6013,6784648615,,newapplications_rank,6,成仏堂 | new_entrant=False
2026-09-01,chart_entry,us,6013,6785667407,,newapplications_rank,7,Property_Care | new_entrant=False
2026-09-01,chart_entry,us,6013,6781753295,,newapplications_rank,8,MuntuGwiyann | new_entrant=False
2026-09-01,chart_entry,us,6013,6782422335,,newapplications_rank,9,The Reset Playbook | new_entrant=False
2026-09-01,chart_entry,us,6013,6785046867,,newapplications_rank,10,どんくらいスパイス | new_entrant=False
2026-09-01,chart_entry,us,6013,6785452303,,newapplications_rank,11,Terra Firma Travel | new_entrant=False
2026-09-01,chart_entry,us,6013,6786293494,,newapplications_rank,12,Daily Drop: Sports Trivia | new_entrant=False
2026-09-01,chart_entry,us,6013,6775914526,,newapplications_rank,13,Safely — AI Scam Detector | new_entrant=False
2026-09-01,chart_entry,us,6013,6780476538,,newapplications_rank,14,Prezenz | new_entrant=False
2026-09-01,chart_entry,us,6013,6788178383,,newapplications_rank,15,Waraqat - ورقات | new_entrant=False
2026-09-01,chart_entry,us,6013,6785337296,,newapplications_rank,16,Nestraq: Property Deal Radar | new_entrant=False
2026-09-01,chart_entry,us,6013,6761427686,,newapplications_rank,17,DietCam | new_entrant=False
2026-09-01,chart_entry,us,6013,6766059042,,newapplications_rank,18,SousEye: AI Recipe Cook | new_entrant=False
2026-09-01,chart_entry,us,6013,6748237372,,newapplications_rank,19,RetroGlass: Pixel Hourglass | new_entrant=False
2026-09-01,chart_entry,us,6013,6788040015,,newapplications_rank,20,t3app | new_entrant=False
2026-09-01,chart_entry,us,6013,6755491395,,newapplications_rank,21,Open Working Hours | new_entrant=False
2026-09-01,chart_entry,us,6013,6754956163,,newapplications_rank,22,SHIFT: Tapping & Affirmations | new_entrant=False
2026-09-01,chart_entry,us,6013,6786397742,,newapplications_rank,23,DGT Test - Driver License | new_entrant=False
2026-09-01,chart_entry,us,6013,6764268218,,newapplications_rank,24,Маруся | new_entrant=False
2026-09-01,chart_entry,us,6013,6778567566,,newapplications_rank,25,15k Creator | new_entrant=False
2026-09-01,chart_entry,us,6013,6786146533,,newapplications_rank,26,White Noise Wave: Rain & Waves | new_entrant=False
2026-09-01,chart_entry,us,6013,6786282402,,newapplications_rank,27,Again: Worth Repeating | new_entrant=False
2026-09-01,chart_entry,us,6013,6761079709,,newapplications_rank,28,GalTaxi | new_entrant=False
2026-09-01,chart_entry,us,6013,6783450908,,newapplications_rank,29,Travel Planet | new_entrant=False
2026-09-01,chart_entry,us,6013,6761428169,,newapplications_rank,30,SOFE | new_entrant=False
2026-09-01,chart_entry,us,6013,6774465277,,newapplications_rank,31,AgalarovRest Az Official App | new_entrant=False
2026-09-01,chart_entry,us,6013,6786785653,,newapplications_rank,32,Rioto Sushi | new_entrant=False
2026-09-01,chart_entry,us,6013,6786830076,,newapplications_rank,33,La Cambusa | new_entrant=False
2026-09-01,chart_entry,us,6013,6776314330,,newapplications_rank,34,Room Decorator・Interior Design | new_entrant=False
2026-09-01,chart_entry,us,6013,6786356764,,newapplications_rank,35,Hear With Eyes | new_entrant=False
2026-09-01,chart_entry,us,6013,6772274035,,newapplications_rank,36,ExpoShift: Restaurant Shifts | new_entrant=False
2026-09-01,chart_entry,us,6013,6785317785,,newapplications_rank,37,Pixelart Studio: Sprite Maker | new_entrant=False
2026-09-01,chart_entry,us,6013,6786065091,,newapplications_rank,38,Bagels and Beyond | new_entrant=False
2026-09-01,chart_entry,us,6013,6761641114,,newapplications_rank,39,MusicTimeMachine. | new_entrant=False
2026-09-01,chart_entry,us,6013,6776986533,,newapplications_rank,40,Salah: Prayer Tracker & Streak | new_entrant=False
2026-09-01,chart_entry,us,6013,6787764893,,newapplications_rank,41,Stack zero | new_entrant=False
2026-09-01,chart_entry,us,6013,6771162587,,newapplications_rank,42,Water Tracker Sippin' | new_entrant=False
2026-09-01,chart_entry,us,6013,6764790001,,newapplications_rank,43,GadAAC | new_entrant=False
2026-09-01,chart_entry,us,6013,6756796107,,newapplications_rank,44,Milistore | new_entrant=False
2026-09-01,chart_entry,us,6013,6764637846,,newapplications_rank,45,Vocards: Vocabulary Flashcards | new_entrant=False
2026-09-01,chart_entry,us,6013,6780157917,,newapplications_rank,46,Urlaubskasse+ | new_entrant=False
2026-09-01,chart_entry,us,6013,6783859673,,newapplications_rank,47,NeuroSprint | new_entrant=False
2026-09-01,chart_entry,us,6013,6783880442,,newapplications_rank,48,Save That Munch | new_entrant=False
2026-09-01,chart_entry,us,6013,6787709570,,newapplications_rank,49,Phil: 3 Circles Evangelism | new_entrant=False
2026-09-01,chart_entry,us,6013,6786173867,,newapplications_rank,50,Roof Calc: Shingle Estimator | new_entrant=False
2026-09-01,chart_entry,us,6013,6786033152,,newapplications_rank,51,Twansburger | new_entrant=False
2026-09-01,chart_entry,us,6013,6787426302,,newapplications_rank,52,BubbleKey - Lusique | new_entrant=False
2026-09-01,chart_entry,us,6013,6767558894,,newapplications_rank,53,Oekostrom Energy Cockpit | new_entrant=False
2026-09-01,chart_entry,us,6013,6786902552,,newapplications_rank,54,TravelCost | new_entrant=False
2026-09-01,chart_entry,us,6013,6788319515,,newapplications_rank,55,THPT Score Calculator 2026 | new_entrant=False
2026-09-01,chart_entry,us,6013,6787802923,,newapplications_rank,56,レトロゲームショップ物語 | new_entrant=False
2026-09-01,chart_entry,us,6013,6777819286,,newapplications_rank,57,Rescue Vehicle | new_entrant=False
2026-09-01,chart_entry,us,6013,6788373184,,newapplications_rank,58,Nemesys | new_entrant=False
2026-09-01,chart_entry,us,6013,6785265674,,newapplications_rank,59,TrackR Performance | new_entrant=False
2026-09-01,chart_entry,us,6013,6761074032,,newapplications_rank,60,siaoplay | new_entrant=False
2026-09-01,chart_entry,us,6013,6757199374,,newapplications_rank,61,TryMyPRO Member | new_entrant=False
2026-09-01,chart_entry,us,6013,6787100168,,newapplications_rank,62,watchUp: Series & Movies | new_entrant=False
2026-09-01,chart_entry,us,6013,6786983855,,newapplications_rank,63,Photo & Video Cleaner App | new_entrant=False
2026-09-01,chart_entry,us,6013,6771104989,,newapplications_rank,64,FamilyLoop: Chores & Rewards | new_entrant=False
2026-09-01,chart_entry,us,6013,6783461414,,newapplications_rank,65,CardNext TCG Card Scanner | new_entrant=False
2026-09-01,chart_entry,us,6013,6785943621,,newapplications_rank,66,SkeetGolf | new_entrant=False
2026-09-01,chart_entry,us,6013,6773847812,,newapplications_rank,67,Help Me Remember | new_entrant=False
2026-09-01,chart_entry,us,6013,6784800739,,newapplications_rank,68,Mise — POS | new_entrant=False
2026-09-01,chart_entry,us,6013,6756449950,,newapplications_rank,69,Vibe Flip: Motivation Quotes | new_entrant=False
2026-09-01,chart_entry,us,6013,6786206390,,newapplications_rank,70,Red Riding Hood Romanian | new_entrant=False
2026-09-01,chart_entry,us,6013,6785260309,,newapplications_rank,71,Akkad - Pharmacy Management | new_entrant=False
2026-09-01,chart_entry,us,6013,6778462956,,newapplications_rank,72,Chrono-Tithe: Turn Timer | new_entrant=False
2026-09-01,chart_entry,us,6013,6780390828,,newapplications_rank,73,Domovara | new_entrant=False
2026-09-01,chart_entry,us,6013,6780542928,,newapplications_rank,74,Aerogram - Flight Weather | new_entrant=False
2026-09-01,chart_entry,us,6013,6763021570,,newapplications_rank,75,Kalorista | new_entrant=False
2026-09-01,chart_entry,us,6013,6785731668,,newapplications_rank,76,Skani | new_entrant=False
2026-09-01,chart_entry,us,6013,6780749820,,newapplications_rank,77,FleurSpace | new_entrant=False
2026-09-01,chart_entry,us,6013,6761502599,,newapplications_rank,78,PSA Marine | new_entrant=False
2026-09-01,chart_entry,us,6013,6759921558,,newapplications_rank,79,BogeyBreaker | new_entrant=False
2026-09-01,chart_entry,us,6013,6780894137,,newapplications_rank,80,BB Pilates Postür Hatırlatıcı | new_entrant=False
2026-09-01,chart_entry,us,6013,6786307978,,newapplications_rank,81,Block Fall Logic Puzzle | new_entrant=False
2026-09-01,chart_entry,us,6013,6752259678,,newapplications_rank,82,Monolith Sales | new_entrant=False
2026-09-01,chart_entry,us,6013,6784257489,,newapplications_rank,83,Los Vilos App | new_entrant=False
2026-09-01,chart_entry,us,6013,6783349573,,newapplications_rank,84,SafetNet Vault | new_entrant=False
2026-09-01,chart_entry,us,6013,6785881535,,newapplications_rank,85,ICLinkWorld | new_entrant=False
2026-09-01,chart_entry,us,6013,6785155998,,newapplications_rank,86,Blubby - beware the blobs | new_entrant=False
2026-09-01,chart_entry,us,6013,6786327849,,newapplications_rank,87,The Gymnastics Academy UK | new_entrant=False
2026-09-01,chart_entry,us,6013,6786002120,,newapplications_rank,88,Cyber Legion | new_entrant=False
2026-09-01,chart_entry,us,6013,6786999312,,newapplications_rank,89,多多课程表 | new_entrant=False
2026-09-01,chart_entry,us,6013,6777100039,,newapplications_rank,90,Ticket Monkey Customer App | new_entrant=False
2026-09-01,chart_entry,us,6013,6785002284,,newapplications_rank,91,Master Clock | new_entrant=False
2026-09-01,chart_entry,us,6013,6787888466,,newapplications_rank,92,Canlı Bakiye | new_entrant=False
2026-09-01,chart_entry,us,6013,6776582964,,newapplications_rank,93,Dead Trigger | new_entrant=False
2026-09-01,chart_entry,us,6013,6757140652,,newapplications_rank,94,Revocal | new_entrant=False
2026-09-01,chart_entry,us,6013,6784477278,,newapplications_rank,95,Permit Prep: DMV Test Prep | new_entrant=False
2026-09-01,chart_entry,us,6013,6786207015,,newapplications_rank,96,The Three Little Pigs Romanian | new_entrant=False
2026-09-01,chart_entry,us,6013,6784082587,,newapplications_rank,97,arvono | new_entrant=False
2026-09-01,chart_entry,us,6013,6746337556,,newapplications_rank,98,Jet Society | new_entrant=False
2026-09-01,chart_entry,us,6013,6785950466,,newapplications_rank,99,Fence Tamer: Animal Balance | new_entrant=False
2026-09-01,chart_entry,us,6013,6786198512,,newapplications_rank,100,Glowfin Reef | new_entrant=False
2026-09-01,chart_entry,us,6007,6448311069,,topfreeapplications_rank,1,ChatGPT | new_entrant=False
2026-09-01,chart_entry,us,6007,6473753684,,topfreeapplications_rank,2,Claude by Anthropic | new_entrant=False
2026-09-01,chart_entry,us,6007,6477489729,,topfreeapplications_rank,3,Google Gemini | new_entrant=False
2026-09-01,chart_entry,us,6007,983156458,,topfreeapplications_rank,4,Microsoft Authenticator | new_entrant=False
2026-09-01,chart_entry,us,6007,422689480,,topfreeapplications_rank,5,Gmail - Email by Google | new_entrant=False
2026-09-01,chart_entry,us,6007,951937596,,topfreeapplications_rank,6,Microsoft Outlook | new_entrant=False
2026-09-01,chart_entry,us,6007,1558240027,,topfreeapplications_rank,7,Meta AI | new_entrant=False
2026-09-01,chart_entry,us,6007,6670324846,,topfreeapplications_rank,8,Grok AI | new_entrant=False
2026-09-01,chart_entry,us,6007,507874739,,topfreeapplications_rank,9,Google Drive | new_entrant=False
2026-09-01,chart_entry,us,6007,842842640,,topfreeapplications_rank,10,Google Docs | new_entrant=False
2026-09-01,chart_entry,us,6007,909319292,,topfreeapplications_rank,11,Google Calendar: Get Organized | new_entrant=False
2026-09-01,chart_entry,us,6007,842849113,,topfreeapplications_rank,12,Google Sheets | new_entrant=False
2026-09-01,chart_entry,us,6007,1370293473,,topfreeapplications_rank,13,VPN - Super Unlimited Proxy | new_entrant=False
2026-09-01,chart_entry,us,6007,586447913,,topfreeapplications_rank,14,Microsoft Word | new_entrant=False
2026-09-01,chart_entry,us,6007,6443686328,,topfreeapplications_rank,15,Link to Windows | new_entrant=False
2026-09-01,chart_entry,us,6007,469284907,,topfreeapplications_rank,16,HP | new_entrant=False
2026-09-01,chart_entry,us,6007,879478102,,topfreeapplications_rank,17,Google Slides | new_entrant=False
2026-09-01,chart_entry,us,6007,577586159,,topfreeapplications_rank,18,Yahoo Mail: Your Email & Inbox | new_entrant=False
2026-09-01,chart_entry,us,6007,586683407,,topfreeapplications_rank,19,Microsoft Excel | new_entrant=False
2026-09-01,chart_entry,us,6007,6794501026,,topfreeapplications_rank,20,Grok Bot | new_entrant=False
2026-09-01,chart_entry,us,6007,388627783,,topfreeapplications_rank,21,CamScanner - PDF Scanner App | new_entrant=False
2026-09-01,chart_entry,us,6007,477537958,,topfreeapplications_rank,22,Microsoft OneDrive | new_entrant=False
2026-09-01,chart_entry,us,6007,1528940523,,topfreeapplications_rank,23,VPN - Fast VPN Super ™ | new_entrant=False
2026-09-01,chart_entry,us,6007,541164041,,topfreeapplications_rank,24,Microsoft Copilot | new_entrant=False
2026-09-01,chart_entry,us,6007,1258654743,,topfreeapplications_rank,25,Smart Home Manager | new_entrant=False
2026-09-01,chart_entry,us,6007,327630330,,topfreeapplications_rank,26,Dropbox: Cloud Storage Backup | new_entrant=False
2026-09-01,chart_entry,us,6007,1454483188,,topfreeapplications_rank,27,Saturn Calendar | new_entrant=False
2026-09-01,chart_entry,us,6007,318698524,,topfreeapplications_rank,28,Google Voice | new_entrant=False
2026-09-01,chart_entry,us,6007,1358107315,,topfreeapplications_rank,29,Ringtones Maker - the ring app | new_entrant=False
2026-09-01,chart_entry,us,6007,1376350358,,topfreeapplications_rank,30,Online Portal by AppFolio | new_entrant=False
2026-09-01,chart_entry,us,6007,6737527615,,topfreeapplications_rank,31,Gemini Notebook | new_entrant=False
2026-09-01,chart_entry,us,6007,1669007652,,topfreeapplications_rank,32,AI Chatbot - Nova | new_entrant=False
2026-09-01,chart_entry,us,6007,1523682319,,topfreeapplications_rank,33,Widgetsmith | new_entrant=False
2026-09-01,chart_entry,us,6007,586449534,,topfreeapplications_rank,34,Microsoft PowerPoint | new_entrant=False
2026-09-01,chart_entry,us,6007,1668000334,,topfreeapplications_rank,35,Perplexity - AI Search & Chat | new_entrant=False
2026-09-01,chart_entry,us,6007,1209815023,,topfreeapplications_rank,36,Speechify – Text to Speech PDF | new_entrant=False
2026-09-01,chart_entry,us,6007,6670175056,,topfreeapplications_rank,37,Summary - AI Note Taker | new_entrant=False
2026-09-01,chart_entry,us,6007,714133074,,topfreeapplications_rank,38,ButterflyMX | new_entrant=False
2026-09-01,chart_entry,us,6007,1232780281,,topfreeapplications_rank,39,"Notion: Notes, Tasks, AI | new_entrant=False"
2026-09-01,chart_entry,us,6007,952578473,,topfreeapplications_rank,40,TimeTree: Shared Calendar | new_entrant=False
2026-09-01,chart_entry,us,6007,1669513811,,topfreeapplications_rank,41,OneSearch: DeepSearch Finder | new_entrant=False
2026-09-01,chart_entry,us,6007,1250312807,,topfreeapplications_rank,42,X-VPN: VPN Fast & Secure | new_entrant=False
2026-09-01,chart_entry,us,6007,1158877342,,topfreeapplications_rank,43,Grammarly: AI Keyboard & Voice | new_entrant=False
2026-09-01,chart_entry,us,6007,891247102,,topfreeapplications_rank,44,PingID | new_entrant=False
2026-09-01,chart_entry,us,6007,1446335066,,topfreeapplications_rank,45,ID.me Authenticator | new_entrant=False
2026-09-01,chart_entry,us,6007,1280548773,,topfreeapplications_rank,46,Kia Access | new_entrant=False
2026-09-01,chart_entry,us,6007,6757661674,,topfreeapplications_rank,47,SocialLite-Block Reels&Shorts | new_entrant=False
2026-09-01,chart_entry,us,6007,6737597349,,topfreeapplications_rank,48,DeepSeek - AI Assistant | new_entrant=False
2026-09-01,chart_entry,us,6007,979659905,,topfreeapplications_rank,49,Proton Mail - Encrypted Email | new_entrant=False
2026-09-01,chart_entry,us,6007,1276437113,,topfreeapplications_rank,50,Otter Transcribe Voice Notes | new_entrant=False
2026-09-01,chart_entry,us,6007,1451784328,,topfreeapplications_rank,51,Google One | new_entrant=False
2026-09-01,chart_entry,us,6007,1612822001,,topfreeapplications_rank,52,Private VPN Proxy - Easy Start | new_entrant=False
2026-09-01,chart_entry,us,6007,1509453185,,topfreeapplications_rank,53,TeraBox: 1TB Cloud & AI Space | new_entrant=False
2026-09-01,chart_entry,us,6007,1499198946,,topfreeapplications_rank,54,Structured: Daily Planner Todo | new_entrant=False
2026-09-01,chart_entry,us,6007,1391782046,,topfreeapplications_rank,55,Surfshark VPN: Fast & Secure | new_entrant=False
2026-09-01,chart_entry,us,6007,1619382448,,topfreeapplications_rank,56,Forms for Google Docs | new_entrant=False
2026-09-01,chart_entry,us,6007,6504635873,,topfreeapplications_rank,57,VPN - FREE VPN Fast Ⓡ | new_entrant=False
2026-09-01,chart_entry,us,6007,6757393880,,topfreeapplications_rank,58,Smart Printer App℠ | new_entrant=False
2026-09-01,chart_entry,us,6007,1401184723,,topfreeapplications_rank,59,Double Good | new_entrant=False
2026-09-01,chart_entry,us,6007,1448454304,,topfreeapplications_rank,60,Wepa Print | new_entrant=False
2026-09-01,chart_entry,us,6007,1559479889,,topfreeapplications_rank,61,Chat Smith: AI Chatbot & Agent | new_entrant=False
2026-09-01,chart_entry,us,6007,1569379048,,topfreeapplications_rank,62,WeTransfer: Transfer Files | new_entrant=False
2026-09-01,chart_entry,us,6007,583009522,,topfreeapplications_rank,63,CyberGhost: Safe & Private VPN | new_entrant=False
2026-09-01,chart_entry,us,6007,1600487147,,topfreeapplications_rank,64,Cloaked: Protect your privacy | new_entrant=False
2026-09-01,chart_entry,us,6007,474990205,,topfreeapplications_rank,65,Docusign - Upload & Sign Docs | new_entrant=False
2026-09-01,chart_entry,us,6007,6759957263,,topfreeapplications_rank,66,Office Word: Edit Document | new_entrant=False
2026-09-01,chart_entry,us,6007,6448794069,,topfreeapplications_rank,67,Brick - Ditch Distractions | new_entrant=False
2026-09-01,chart_entry,us,6007,6497229487,,topfreeapplications_rank,68,Wispr Flow: AI Voice Keyboard | new_entrant=False
2026-09-01,chart_entry,us,6007,6739429409,,topfreeapplications_rank,69,Granola - AI Meeting Notes | new_entrant=False
2026-09-01,chart_entry,us,6007,345323231,,topfreeapplications_rank,70,Microsoft Bing Search | new_entrant=False
2026-09-01,chart_entry,us,6007,706857885,,topfreeapplications_rank,71,MEGA: Encrypted Cloud Storage | new_entrant=False
2026-09-01,chart_entry,us,6007,1029207872,,topfreeapplications_rank,72,Google Keep - Notes and lists | new_entrant=False
2026-09-01,chart_entry,us,6007,410395246,,topfreeapplications_rank,73,Microsoft OneNote | new_entrant=False
2026-09-01,chart_entry,us,6007,893514610,,topfreeapplications_rank,74,MyHyundai with Bluelink | new_entrant=False
2026-09-01,chart_entry,us,6007,1353634006,,topfreeapplications_rank,75,Google Tasks: Get Things Done | new_entrant=False
2026-09-01,chart_entry,us,6007,608834326,,topfreeapplications_rank,76,Calendars: Schedule Planner | new_entrant=False
2026-09-01,chart_entry,us,6007,1497465230,,topfreeapplications_rank,77,Opal: Screen Time Control | new_entrant=False
2026-09-01,chart_entry,us,6007,1644737181,,topfreeapplications_rank,78,BePresent: Screen Time Control | new_entrant=False
2026-09-01,chart_entry,us,6007,1438388363,,topfreeapplications_rank,79,Habit Tracker | new_entrant=False
2026-09-01,chart_entry,us,6007,1658377526,,topfreeapplications_rank,80,Chatbot AI Assistant - Genie | new_entrant=False
2026-09-01,chart_entry,us,6007,443369807,,topfreeapplications_rank,81,VPN Hotspot Shield: Secure VPN | new_entrant=False
2026-09-01,chart_entry,us,6007,928941628,,topfreeapplications_rank,82,VPN Proxy OvpnSpider Pro | new_entrant=False
2026-09-01,chart_entry,us,6007,1025707485,,topfreeapplications_rank,83,VPN Proxy Master - Super VPN | new_entrant=False
2026-09-01,chart_entry,us,6007,360593530,,topfreeapplications_rank,84,Notability: AI Notes & Planner | new_entrant=False
2026-09-01,chart_entry,us,6007,6745890037,,topfreeapplications_rank,85,Super Fast VPN・Secure Proxy | new_entrant=False
2026-09-01,chart_entry,us,6007,6444708069,,topfreeapplications_rank,86,Office Word:Edit Word Document | new_entrant=False
2026-09-01,chart_entry,us,6007,1055789534,,topfreeapplications_rank,87,Park Smarter | new_entrant=False
2026-09-01,chart_entry,us,6007,1482562954,,topfreeapplications_rank,88,Photo Recovery: Deleted Files | new_entrant=False
2026-09-01,chart_entry,us,6007,1667518571,,topfreeapplications_rank,89,AI Chat Assistant – ChatNow | new_entrant=False
2026-09-01,chart_entry,us,6007,1540124885,,topfreeapplications_rank,90,rmResident | new_entrant=False
2026-09-01,chart_entry,us,6007,1099748482,,topfreeapplications_rank,91,Spaces: Follow Businesses | new_entrant=False
2026-09-01,chart_entry,us,6007,1365309175,,topfreeapplications_rank,92,Turbo VPN Private Browser | new_entrant=False
2026-09-01,chart_entry,us,6007,6478655348,,topfreeapplications_rank,93,"HyNote: AI Note Taker, Summary | new_entrant=False"
2026-09-01,chart_entry,us,6007,1644414970,,topfreeapplications_rank,94,My Optimum | new_entrant=False
2026-09-01,chart_entry,us,6007,6448141961,,topfreeapplications_rank,95,Mighty Cleaner: Smart Clean Up | new_entrant=False
2026-09-01,chart_entry,us,6007,6479373050,,topfreeapplications_rank,96,ElevenReader: Read Books Aloud | new_entrant=False
2026-09-01,chart_entry,us,6007,6711347033,,topfreeapplications_rank,97,Chatbot App: AI Assistant | new_entrant=False
2026-09-01,chart_entry,us,6007,725215120,,topfreeapplications_rank,98,"SHAREit: Transfer, Share Files | new_entrant=False"
2026-09-01,chart_entry,us,6007,1559538995,,topfreeapplications_rank,99,Pikmykid Parent | new_entrant=False
2026-09-01,chart_entry,us,6007,1010311475,,toppaidapplications_rank,1,QuickBend: Conduit Bending | new_entrant=False
2026-09-01,chart_entry,us,6007,6449003064,,toppaidapplications_rank,2,Goblin Tools | new_entrant=False
2026-09-01,chart_entry,us,6007,904237743,,toppaidapplications_rank,3,Things 3 | new_entrant=False
2026-09-01,chart_entry,us,6007,6779987526,,toppaidapplications_rank,4,Parchment: Agenda & Daily Note | new_entrant=False
2026-09-01,chart_entry,us,6007,430234732,,toppaidapplications_rank,5,Site Audit Pro | new_entrant=False
2026-09-01,chart_entry,us,6007,390017969,,toppaidapplications_rank,6,Due - Reminders & Timers | new_entrant=False
2026-09-01,chart_entry,us,6007,1134770838,,toppaidapplications_rank,7,Ugly's Electrical References | new_entrant=False
2026-09-01,chart_entry,us,6007,368070258,,toppaidapplications_rank,8,LineLearner | new_entrant=False
2026-09-01,chart_entry,us,6007,972387337,,toppaidapplications_rank,9,Scrivener | new_entrant=False
2026-09-01,chart_entry,us,6007,1489470545,,toppaidapplications_rank,10,iFacialMocap | new_entrant=False
2026-09-01,chart_entry,us,6007,862869041,,toppaidapplications_rank,11,Oilfield Calendar | new_entrant=False
2026-09-01,chart_entry,us,6007,339407922,,toppaidapplications_rank,12,iBend Pipe | new_entrant=False
2026-09-01,chart_entry,us,6007,6749840287,,toppaidapplications_rank,13,Conduit: Open WebUI & AI | new_entrant=False
2026-09-01,chart_entry,us,6007,6447090616,,toppaidapplications_rank,14,Whisper Notes - Speech to Text | new_entrant=False
2026-09-01,chart_entry,us,6007,1085978097,,toppaidapplications_rank,15,Pythonista 3 | new_entrant=False
2026-09-01,chart_entry,us,6007,672829281,,toppaidapplications_rank,16,Sign Up by SignUp.com | new_entrant=False
2026-09-01,chart_entry,us,6007,378503081,,toppaidapplications_rank,17,Groundwire: VoIP SIP Softphone | new_entrant=False
2026-09-01,chart_entry,us,6007,6738342400,,toppaidapplications_rank,18,Tampermonkey | new_entrant=False
2026-09-01,chart_entry,us,6007,1438243180,,toppaidapplications_rank,19,Dark Reader for Safari | new_entrant=False
2026-09-01,chart_entry,us,6007,1428802675,,toppaidapplications_rank,20,Alimentor 2: Custody Tracker | new_entrant=False
2026-09-01,chart_entry,us,6007,1035689743,,toppaidapplications_rank,21,BusyCal: Calendar & Tasks | new_entrant=False
2026-09-01,chart_entry,us,6007,388624839,,toppaidapplications_rank,22,CamScanner + | OCR Scanner | new_entrant=False
2026-09-01,chart_entry,us,6007,1579902068,,toppaidapplications_rank,23,xSearch for Safari | new_entrant=False
2026-09-01,chart_entry,us,6007,1661093205,,toppaidapplications_rank,24,SocialFocus: Hide Distractions | new_entrant=False
2026-09-01,chart_entry,us,6007,6795152195,,toppaidapplications_rank,25,Kan Do: Project Management | new_entrant=False
2026-09-01,chart_entry,us,6007,1672085276,,toppaidapplications_rank,26,Aiko | new_entrant=False
2026-09-01,chart_entry,us,6007,6760094766,,toppaidapplications_rank,27,Chillio Cleaning App | new_entrant=False
2026-09-01,chart_entry,us,6007,777310222,,toppaidapplications_rank,28,GoodReader PDF Editor & Viewer | new_entrant=False
2026-09-01,chart_entry,us,6007,1496845136,,toppaidapplications_rank,29,impcat | new_entrant=False
2026-09-01,chart_entry,us,6007,6480082872,,toppaidapplications_rank,30,Dumbify | new_entrant=False
2026-09-01,chart_entry,us,6007,576226036,,toppaidapplications_rank,31,Braintoss | new_entrant=False
2026-09-01,chart_entry,us,6007,775737172,,toppaidapplications_rank,32,iA Writer | new_entrant=False
2026-09-01,chart_entry,us,6007,6476123178,,toppaidapplications_rank,33,Merge Voice Memos | new_entrant=False
2026-09-01,chart_entry,us,6007,1637438059,,toppaidapplications_rank,34,UnTrap for YouTube | new_entrant=False
2026-09-01,chart_entry,us,6007,492076105,,toppaidapplications_rank,35,iCalendar | new_entrant=False
2026-09-01,chart_entry,us,6007,1201419241,,toppaidapplications_rank,36,Bullet Journal Companion | new_entrant=False
2026-09-01,chart_entry,us,6007,493762234,,toppaidapplications_rank,37,Pipe Fitter Calculator | new_entrant=False
2026-09-01,chart_entry,us,6007,1474939475,,toppaidapplications_rank,38,Ductulator - Duct Sizing | new_entrant=False
2026-09-01,chart_entry,us,6007,6761292407,,toppaidapplications_rank,39,gtsync: Sync Tasks & Reminders | new_entrant=False
2026-09-01,chart_entry,us,6007,6754610609,,toppaidapplications_rank,40,Rack Builder Pro | new_entrant=False
2026-09-01,chart_entry,us,6007,520231936,,toppaidapplications_rank,41,eDrawings | new_entrant=False
2026-09-01,chart_entry,us,6007,1573461917,,toppaidapplications_rank,42,SponsorBlock for Safari | new_entrant=False
2026-09-01,chart_entry,us,6007,455190486,,toppaidapplications_rank,43,oneSafe password manager | new_entrant=False
2026-09-01,chart_entry,us,6007,415038787,,toppaidapplications_rank,44,Photo Measures | new_entrant=False
2026-09-01,chart_entry,us,6007,6480510866,,toppaidapplications_rank,45,MobileFamilyTree 11 | new_entrant=False
2026-09-01,chart_entry,us,6007,1478619988,,toppaidapplications_rank,46,IISCA+ | new_entrant=False
2026-09-01,chart_entry,us,6007,898615603,,toppaidapplications_rank,47,Phased: Circuit Colors | new_entrant=False
2026-09-01,chart_entry,us,6007,1389771232,,toppaidapplications_rank,48,PLANBELLA - Planner App | new_entrant=False
2026-09-01,chart_entry,us,6007,1451559391,,toppaidapplications_rank,49,Phone Buddy Phone Lost Alert | new_entrant=False
2026-09-01,chart_entry,us,6007,6745439630,,toppaidapplications_rank,50,SafeHours | new_entrant=False
2026-09-01,chart_entry,us,6007,1304488725,,toppaidapplications_rank,51,MyScript Calculator | new_entrant=False
2026-09-01,chart_entry,us,6007,6774655093,,toppaidapplications_rank,52,Lofi Rain: Focus Timer | new_entrant=False
2026-09-01,chart_entry,us,6007,412835048,,toppaidapplications_rank,53,Easy Offset | new_entrant=False
2026-09-01,chart_entry,us,6007,6759630325,,toppaidapplications_rank,54,Open Relay - Open WebUI Client | new_entrant=False
2026-09-01,chart_entry,us,6007,423492040,,toppaidapplications_rank,55,Planimeter — Measure Land Area | new_entrant=False
2026-09-01,chart_entry,us,6007,314192799,,toppaidapplications_rank,56,Acrobits Softphone | new_entrant=False
2026-09-01,chart_entry,us,6007,1610194227,,toppaidapplications_rank,57,Tape Measurements | new_entrant=False
2026-09-01,chart_entry,us,6007,713258885,,toppaidapplications_rank,58,ColorMeter RGB Colorimeter | new_entrant=False
2026-09-01,chart_entry,us,6007,6751747069,,toppaidapplications_rank,59,WigglyPaint's Fork:JigglyPaint | new_entrant=False
2026-09-01,chart_entry,us,6007,623690732,,toppaidapplications_rank,60,Calzy | new_entrant=False
2026-09-01,chart_entry,us,6007,352000376,,toppaidapplications_rank,61,Shift Worker | new_entrant=False
2026-09-01,chart_entry,us,6007,680469088,,toppaidapplications_rank,62,1Writer - Markdown Text Editor | new_entrant=False
2026-09-01,chart_entry,us,6007,6798833863,,toppaidapplications_rank,63,Read This For Me: Scan Text | new_entrant=False
2026-09-01,chart_entry,us,6007,6792722747,,toppaidapplications_rank,64,View Later | new_entrant=False
2026-09-01,chart_entry,us,6007,6458740044,,toppaidapplications_rank,65,(beat) for iOS | new_entrant=False
2026-09-01,chart_entry,us,6007,860024390,,toppaidapplications_rank,66,Story Planner for Writers | new_entrant=False
2026-09-01,chart_entry,us,6007,318683999,,toppaidapplications_rank,67,Wildland Toolkit | new_entrant=False
2026-09-01,chart_entry,us,6007,6781581356,,toppaidapplications_rank,68,EpubCraft: EPUB Editor & OCR | new_entrant=False
2026-09-01,chart_entry,us,6007,504494723,,toppaidapplications_rank,69,Fraction Calculator PRO #1 | new_entrant=False
2026-09-01,chart_entry,us,6007,517273421,,toppaidapplications_rank,70,Miter Pipe Calculator | new_entrant=False
2026-09-01,chart_entry,us,6007,6789881312,,toppaidapplications_rank,71,Tagdawn: NFC Alarm & Habits | new_entrant=False
2026-09-01,chart_entry,us,6007,6794749001,,toppaidapplications_rank,72,Isopod Collector and Sales | new_entrant=False
2026-09-01,chart_entry,us,6007,1268476525,,toppaidapplications_rank,73,ServicePlanner | new_entrant=False
2026-09-01,chart_entry,us,6007,6760622185,,toppaidapplications_rank,74,Sayboard: Offline AI Keyboard | new_entrant=False
2026-09-01,chart_entry,us,6007,1207706409,,toppaidapplications_rank,75,Ammo Handler | new_entrant=False
2026-09-01,chart_entry,us,6007,718952607,,toppaidapplications_rank,76,SP Voice | new_entrant=False
2026-09-01,chart_entry,us,6007,383359044,,toppaidapplications_rank,77,iCircuit | new_entrant=False
2026-09-01,chart_entry,us,6007,6791346340,,toppaidapplications_rank,78,cyberWriter - Markdown Studio | new_entrant=False
2026-09-01,chart_entry,us,6007,378174507,,toppaidapplications_rank,79,SimpleMind Pro - Mind Mapping | new_entrant=False
2026-09-01,chart_entry,us,6007,385155631,,toppaidapplications_rank,80,Shift Master Shift Calendar | new_entrant=False
2026-09-01,chart_entry,us,6007,6788440725,,toppaidapplications_rank,81,HushMemo: Offline AI Notes | new_entrant=False
2026-09-01,chart_entry,us,6007,1506461202,,toppaidapplications_rank,82,bVNC Pro - VNC Screen Sharing | new_entrant=False
2026-09-01,chart_entry,us,6007,1237603222,,toppaidapplications_rank,83,Teleprompter Easy Prof Hornet | new_entrant=False
2026-09-01,chart_entry,us,6007,6765630689,,toppaidapplications_rank,84,Till Then | new_entrant=False
2026-09-01,chart_entry,us,6007,1526117535,,toppaidapplications_rank,85,Super School Timetable | new_entrant=False
2026-09-01,chart_entry,us,6007,6670757501,,toppaidapplications_rank,86,Screen Time - AppStops | new_entrant=False
2026-09-01,chart_entry,us,6007,6752114477,,toppaidapplications_rank,87,CodersKey | new_entrant=False
2026-09-01,chart_entry,us,6007,6757399918,,toppaidapplications_rank,88,ThreadVault | new_entrant=False
2026-09-01,chart_entry,us,6007,6514319627,,toppaidapplications_rank,89,Xany VNC | new_entrant=False
2026-09-01,chart_entry,us,6007,6798375056,,toppaidapplications_rank,90,Cue Cards: AI Speech Notes | new_entrant=False
2026-09-01,chart_entry,us,6007,1084234301,,toppaidapplications_rank,91,Voice Teleprompter PRO | new_entrant=False
2026-09-01,chart_entry,us,6007,6670777872,,toppaidapplications_rank,92,Calculator Speed Distance Time | new_entrant=False
2026-09-01,chart_entry,us,6007,323373347,,toppaidapplications_rank,93,Password Manager Data Vault | new_entrant=False
2026-09-01,chart_entry,us,6007,787863350,,toppaidapplications_rank,94,Zoiper Premium voip soft phone | new_entrant=False
2026-09-01,chart_entry,us,6007,1332273123,,toppaidapplications_rank,95,ChoreoRoom | new_entrant=False
2026-09-01,chart_entry,us,6007,6757442705,,toppaidapplications_rank,96,Viska: Local AI Meeting Notes | new_entrant=False
2026-09-01,chart_entry,us,6007,1260915283,,toppaidapplications_rank,97,Yoink - Improved Drag and Drop | new_entrant=False
2026-09-01,chart_entry,us,6007,1602403259,,toppaidapplications_rank,98,Webmail App: IMAP Email Client | new_entrant=False
2026-09-01,chart_entry,us,6007,1093924230,,toppaidapplications_rank,99,iAnnotate 4 — PDFs & more | new_entrant=False
2026-09-01,chart_entry,us,6007,6785919923,,newapplications_rank,1,Hero Clash Legends | new_entrant=False
2026-09-01,chart_entry,us,6007,6777507072,,newapplications_rank,2,XLSX Spreadsheets Editor | new_entrant=False
2026-09-01,chart_entry,us,6007,6762939158,,newapplications_rank,3,LYS: Planner & Journal | new_entrant=False
2026-09-01,chart_entry,us,6007,6787935014,,newapplications_rank,4,Habit Tracker: Routine Check | new_entrant=False
2026-09-01,chart_entry,us,6007,6775845427,,newapplications_rank,5,Palaestra OS | new_entrant=False
2026-09-01,chart_entry,us,6007,6784648615,,newapplications_rank,6,成仏堂 | new_entrant=False
2026-09-01,chart_entry,us,6007,6785667407,,newapplications_rank,7,Property_Care | new_entrant=False
2026-09-01,chart_entry,us,6007,6781753295,,newapplications_rank,8,MuntuGwiyann | new_entrant=False
2026-09-01,chart_entry,us,6007,6782422335,,newapplications_rank,9,The Reset Playbook | new_entrant=False
2026-09-01,chart_entry,us,6007,6785046867,,newapplications_rank,10,どんくらいスパイス | new_entrant=False
2026-09-01,chart_entry,us,6007,6785452303,,newapplications_rank,11,Terra Firma Travel | new_entrant=False
2026-09-01,chart_entry,us,6007,6786293494,,newapplications_rank,12,Daily Drop: Sports Trivia | new_entrant=False
2026-09-01,chart_entry,us,6007,6775914526,,newapplications_rank,13,Safely — AI Scam Detector | new_entrant=False
2026-09-01,chart_entry,us,6007,6780476538,,newapplications_rank,14,Prezenz | new_entrant=False
2026-09-01,chart_entry,us,6007,6788178383,,newapplications_rank,15,Waraqat - ورقات | new_entrant=False
2026-09-01,chart_entry,us,6007,6785337296,,newapplications_rank,16,Nestraq: Property Deal Radar | new_entrant=False
2026-09-01,chart_entry,us,6007,6761427686,,newapplications_rank,17,DietCam | new_entrant=False
2026-09-01,chart_entry,us,6007,6766059042,,newapplications_rank,18,SousEye: AI Recipe Cook | new_entrant=False
2026-09-01,chart_entry,us,6007,6748237372,,newapplications_rank,19,RetroGlass: Pixel Hourglass | new_entrant=False
2026-09-01,chart_entry,us,6007,6788040015,,newapplications_rank,20,t3app | new_entrant=False
2026-09-01,chart_entry,us,6007,6755491395,,newapplications_rank,21,Open Working Hours | new_entrant=False
2026-09-01,chart_entry,us,6007,6754956163,,newapplications_rank,22,SHIFT: Tapping & Affirmations | new_entrant=False
2026-09-01,chart_entry,us,6007,6786397742,,newapplications_rank,23,DGT Test - Driver License | new_entrant=False
2026-09-01,chart_entry,us,6007,6764268218,,newapplications_rank,24,Маруся | new_entrant=False
2026-09-01,chart_entry,us,6007,6778567566,,newapplications_rank,25,15k Creator | new_entrant=False
2026-09-01,chart_entry,us,6007,6786146533,,newapplications_rank,26,White Noise Wave: Rain & Waves | new_entrant=False
2026-09-01,chart_entry,us,6007,6786282402,,newapplications_rank,27,Again: Worth Repeating | new_entrant=False
2026-09-01,chart_entry,us,6007,6761079709,,newapplications_rank,28,GalTaxi | new_entrant=False
2026-09-01,chart_entry,us,6007,6783450908,,newapplications_rank,29,Travel Planet | new_entrant=False
2026-09-01,chart_entry,us,6007,6761428169,,newapplications_rank,30,SOFE | new_entrant=False
2026-09-01,chart_entry,us,6007,6774465277,,newapplications_rank,31,AgalarovRest Az Official App | new_entrant=False
2026-09-01,chart_entry,us,6007,6786785653,,newapplications_rank,32,Rioto Sushi | new_entrant=False
2026-09-01,chart_entry,us,6007,6786830076,,newapplications_rank,33,La Cambusa | new_entrant=False
2026-09-01,chart_entry,us,6007,6776314330,,newapplications_rank,34,Room Decorator・Interior Design | new_entrant=False
2026-09-01,chart_entry,us,6007,6786356764,,newapplications_rank,35,Hear With Eyes | new_entrant=False
2026-09-01,chart_entry,us,6007,6772274035,,newapplications_rank,36,ExpoShift: Restaurant Shifts | new_entrant=False
2026-09-01,chart_entry,us,6007,6785317785,,newapplications_rank,37,Pixelart Studio: Sprite Maker | new_entrant=False
2026-09-01,chart_entry,us,6007,6786065091,,newapplications_rank,38,Bagels and Beyond | new_entrant=False
2026-09-01,chart_entry,us,6007,6761641114,,newapplications_rank,39,MusicTimeMachine. | new_entrant=False
2026-09-01,chart_entry,us,6007,6776986533,,newapplications_rank,40,Salah: Prayer Tracker & Streak | new_entrant=False
2026-09-01,chart_entry,us,6007,6787764893,,newapplications_rank,41,Stack zero | new_entrant=False
2026-09-01,chart_entry,us,6007,6771162587,,newapplications_rank,42,Water Tracker Sippin' | new_entrant=False
2026-09-01,chart_entry,us,6007,6764790001,,newapplications_rank,43,GadAAC | new_entrant=False
2026-09-01,chart_entry,us,6007,6756796107,,newapplications_rank,44,Milistore | new_entrant=False
2026-09-01,chart_entry,us,6007,6764637846,,newapplications_rank,45,Vocards: Vocabulary Flashcards | new_entrant=False
2026-09-01,chart_entry,us,6007,6780157917,,newapplications_rank,46,Urlaubskasse+ | new_entrant=False
2026-09-01,chart_entry,us,6007,6783859673,,newapplications_rank,47,NeuroSprint | new_entrant=False
2026-09-01,chart_entry,us,6007,6783880442,,newapplications_rank,48,Save That Munch | new_entrant=False
2026-09-01,chart_entry,us,6007,6787709570,,newapplications_rank,49,Phil: 3 Circles Evangelism | new_entrant=False
2026-09-01,chart_entry,us,6007,6786173867,,newapplications_rank,50,Roof Calc: Shingle Estimator | new_entrant=False
2026-09-01,chart_entry,us,6007,6786033152,,newapplications_rank,51,Twansburger | new_entrant=False
2026-09-01,chart_entry,us,6007,6787426302,,newapplications_rank,52,BubbleKey - Lusique | new_entrant=False
2026-09-01,chart_entry,us,6007,6767558894,,newapplications_rank,53,Oekostrom Energy Cockpit | new_entrant=False
2026-09-01,chart_entry,us,6007,6786902552,,newapplications_rank,54,TravelCost | new_entrant=False
2026-09-01,chart_entry,us,6007,6788319515,,newapplications_rank,55,THPT Score Calculator 2026 | new_entrant=False
2026-09-01,chart_entry,us,6007,6787802923,,newapplications_rank,56,レトロゲームショップ物語 | new_entrant=False
2026-09-01,chart_entry,us,6007,6777819286,,newapplications_rank,57,Rescue Vehicle | new_entrant=False
2026-09-01,chart_entry,us,6007,6788373184,,newapplications_rank,58,Nemesys | new_entrant=False
2026-09-01,chart_entry,us,6007,6785265674,,newapplications_rank,59,TrackR Performance | new_entrant=False
2026-09-01,chart_entry,us,6007,6761074032,,newapplications_rank,60,siaoplay | new_entrant=False
2026-09-01,chart_entry,us,6007,6757199374,,newapplications_rank,61,TryMyPRO Member | new_entrant=False
2026-09-01,chart_entry,us,6007,6787100168,,newapplications_rank,62,watchUp: Series & Movies | new_entrant=False
2026-09-01,chart_entry,us,6007,6786983855,,newapplications_rank,63,Photo & Video Cleaner App | new_entrant=False
2026-09-01,chart_entry,us,6007,6771104989,,newapplications_rank,64,FamilyLoop: Chores & Rewards | new_entrant=False
2026-09-01,chart_entry,us,6007,6783461414,,newapplications_rank,65,CardNext TCG Card Scanner | new_entrant=False
2026-09-01,chart_entry,us,6007,6785943621,,newapplications_rank,66,SkeetGolf | new_entrant=False
2026-09-01,chart_entry,us,6007,6773847812,,newapplications_rank,67,Help Me Remember | new_entrant=False
2026-09-01,chart_entry,us,6007,6784800739,,newapplications_rank,68,Mise — POS | new_entrant=False
2026-09-01,chart_entry,us,6007,6756449950,,newapplications_rank,69,Vibe Flip: Motivation Quotes | new_entrant=False
2026-09-01,chart_entry,us,6007,6786206390,,newapplications_rank,70,Red Riding Hood Romanian | new_entrant=False
2026-09-01,chart_entry,us,6007,6785260309,,newapplications_rank,71,Akkad - Pharmacy Management | new_entrant=False
2026-09-01,chart_entry,us,6007,6778462956,,newapplications_rank,72,Chrono-Tithe: Turn Timer | new_entrant=False
2026-09-01,chart_entry,us,6007,6780390828,,newapplications_rank,73,Domovara | new_entrant=False
2026-09-01,chart_entry,us,6007,6780542928,,newapplications_rank,74,Aerogram - Flight Weather | new_entrant=False
2026-09-01,chart_entry,us,6007,6763021570,,newapplications_rank,75,Kalorista | new_entrant=False
2026-09-01,chart_entry,us,6007,6785731668,,newapplications_rank,76,Skani | new_entrant=False
2026-09-01,chart_entry,us,6007,6780749820,,newapplications_rank,77,FleurSpace | new_entrant=False
2026-09-01,chart_entry,us,6007,6761502599,,newapplications_rank,78,PSA Marine | new_entrant=False
2026-09-01,chart_entry,us,6007,6759921558,,newapplications_rank,79,BogeyBreaker | new_entrant=False
2026-09-01,chart_entry,us,6007,6780894137,,newapplications_rank,80,BB Pilates Postür Hatırlatıcı | new_entrant=False
2026-09-01,chart_entry,us,6007,6786307978,,newapplications_rank,81,Block Fall Logic Puzzle | new_entrant=False
2026-09-01,chart_entry,us,6007,6752259678,,newapplications_rank,82,Monolith Sales | new_entrant=False
2026-09-01,chart_entry,us,6007,6784257489,,newapplications_rank,83,Los Vilos App | new_entrant=False
2026-09-01,chart_entry,us,6007,6783349573,,newapplications_rank,84,SafetNet Vault | new_entrant=False
2026-09-01,chart_entry,us,6007,6785881535,,newapplications_rank,85,ICLinkWorld | new_entrant=False
2026-09-01,chart_entry,us,6007,6785155998,,newapplications_rank,86,Blubby - beware the blobs | new_entrant=False
2026-09-01,chart_entry,us,6007,6786327849,,newapplications_rank,87,The Gymnastics Academy UK | new_entrant=False
2026-09-01,chart_entry,us,6007,6786002120,,newapplications_rank,88,Cyber Legion | new_entrant=False
2026-09-01,chart_entry,us,6007,6786999312,,newapplications_rank,89,多多课程表 | new_entrant=False
2026-09-01,chart_entry,us,6007,6777100039,,newapplications_rank,90,Ticket Monkey Customer App | new_entrant=False
2026-09-01,chart_entry,us,6007,6785002284,,newapplications_rank,91,Master Clock | new_entrant=False
2026-09-01,chart_entry,us,6007,6787888466,,newapplications_rank,92,Canlı Bakiye | new_entrant=False
2026-09-01,chart_entry,us,6007,6776582964,,newapplications_rank,93,Dead Trigger | new_entrant=False
2026-09-01,chart_entry,us,6007,6757140652,,newapplications_rank,94,Revocal | new_entrant=False
2026-09-01,chart_entry,us,6007,6784477278,,newapplications_rank,95,Permit Prep: DMV Test Prep | new_entrant=False
2026-09-01,chart_entry,us,6007,6786207015,,newapplications_rank,96,The Three Little Pigs Romanian | new_entrant=False
2026-09-01,chart_entry,us,6007,6784082587,,newapplications_rank,97,arvono | new_entrant=False
2026-09-01,chart_entry,us,6007,6746337556,,newapplications_rank,98,Jet Society | new_entrant=False
2026-09-01,chart_entry,us,6007,6785950466,,newapplications_rank,99,Fence Tamer: Animal Balance | new_entrant=False
2026-09-01,chart_entry,us,6007,6786198512,,newapplications_rank,100,Glowfin Reef | new_entrant=False
2026-09-01,chart_entry,gb,6013,405075943,,topfreeapplications_rank,1,"AllTrails: Hike, Run & Walk | new_entrant=False"
2026-09-01,chart_entry,gb,6013,588860938,,topfreeapplications_rank,2,PureGym | new_entrant=False
2026-09-01,chart_entry,gb,6013,426826309,,topfreeapplications_rank,3,"Strava: Run, Bike, Walk | new_entrant=False"
2026-09-01,chart_entry,gb,6013,1092799236,,topfreeapplications_rank,4,Yuka - Food & Cosmetic Scanner | new_entrant=False
2026-09-01,chart_entry,gb,6013,1038369065,,topfreeapplications_rank,5,Flo: Period & Cycle Health | new_entrant=False
2026-09-01,chart_entry,gb,6013,947298527,,topfreeapplications_rank,6,"H&B - Health, Food, Fitness | new_entrant=False"
2026-09-01,chart_entry,gb,6013,6642701963,,topfreeapplications_rank,7,Ivy: Processed Food Scanner | new_entrant=False
2026-09-01,chart_entry,gb,6013,1444707310,,topfreeapplications_rank,8,The Gym Group | new_entrant=False
2026-09-01,chart_entry,gb,6013,6447434453,,topfreeapplications_rank,9,Calo: AI Food Calorie Counter | new_entrant=False
2026-09-01,chart_entry,gb,6013,6759058529,,topfreeapplications_rank,10,Bolt Pharmacy | new_entrant=False
2026-09-01,chart_entry,gb,6013,583446403,,topfreeapplications_rank,11,Garmin Connect™ | new_entrant=False
2026-09-01,chart_entry,gb,6013,341232718,,topfreeapplications_rank,12,MyFitnessPal: Calorie Counter | new_entrant=False
2026-09-01,chart_entry,gb,6013,1458862350,,topfreeapplications_rank,13,Hevy - Gym Tracker Workout Log | new_entrant=False
2026-09-01,chart_entry,gb,6013,6471655955,,topfreeapplications_rank,14,VOY - Your health companion | new_entrant=False
2026-09-01,chart_entry,gb,6013,1037992616,,topfreeapplications_rank,15,David Lloyd Clubs | new_entrant=False
2026-09-01,chart_entry,gb,6013,1438033881,,topfreeapplications_rank,16,JD Gyms | new_entrant=False
2026-09-01,chart_entry,gb,6013,1037595083,,topfreeapplications_rank,17,StepsApp Pedometer | new_entrant=False
2026-09-01,chart_entry,gb,6013,974698722,,topfreeapplications_rank,18,Everyone Active | new_entrant=False
2026-09-01,chart_entry,gb,6013,444924121,,topfreeapplications_rank,19,Calorie Counter + | new_entrant=False
2026-09-01,chart_entry,gb,6013,447374873,,topfreeapplications_rank,20,"komoot - hike, bike & run | new_entrant=False"
2026-09-01,chart_entry,gb,6013,1145935738,,topfreeapplications_rank,21,Cronometer: Calorie Counter | new_entrant=False
2026-09-01,chart_entry,gb,6013,1064020872,,topfreeapplications_rank,22,Foodvisor - AI Calorie Counter | new_entrant=False
2026-09-01,chart_entry,gb,6013,1457956232,,topfreeapplications_rank,23,WalkFit: Weight Loss Tracker | new_entrant=False
2026-09-01,chart_entry,gb,6013,6443740936,,topfreeapplications_rank,24,Lyfta: Gym Tracker Workout Log | new_entrant=False
2026-09-01,chart_entry,gb,6013,979101825,,topfreeapplications_rank,25,StepUp Pedometer Step Counter | new_entrant=False
2026-09-01,chart_entry,gb,6013,1533430104,,topfreeapplications_rank,26,My Bupa | new_entrant=False
2026-09-01,chart_entry,gb,6013,1082307672,,topfreeapplications_rank,27,NHS Couch to 5K | new_entrant=False
2026-09-01,chart_entry,gb,6013,6480417616,,topfreeapplications_rank,28,Cal AI - Calorie Tracker | new_entrant=False
2026-09-01,chart_entry,gb,6013,1454213029,,topfreeapplications_rank,29,WeWard - The Walking App | new_entrant=False
2026-09-01,chart_entry,gb,6013,6768590724,,topfreeapplications_rank,30,SnoozeOff: Loud Alarm Clock | new_entrant=False
2026-09-01,chart_entry,gb,6013,1513988468,,topfreeapplications_rank,31,Stretching & Flexibility: Bend | new_entrant=False
2026-09-01,chart_entry,gb,6013,6472631698,,topfreeapplications_rank,32,INTVL | new_entrant=False
2026-09-01,chart_entry,gb,6013,1594204443,,topfreeapplications_rank,33,Runna: Running Plans & Coach | new_entrant=False
2026-09-01,chart_entry,gb,6013,976506047,,topfreeapplications_rank,34,Technogym - training & gym app | new_entrant=False
2026-09-01,chart_entry,gb,6013,1543340610,,topfreeapplications_rank,35,RENPHO Health | new_entrant=False
2026-09-01,chart_entry,gb,6013,1481416790,,topfreeapplications_rank,36,parkrun Official | new_entrant=False
2026-09-01,chart_entry,gb,6013,6456176249,,topfreeapplications_rank,37,Bevel: AI Health Coach | new_entrant=False
2026-09-01,chart_entry,gb,6013,6445917513,,topfreeapplications_rank,38,TeamFeePay | new_entrant=False
2026-09-01,chart_entry,gb,6013,1458786821,,topfreeapplications_rank,39,Safer Seas & Rivers Service | new_entrant=False
2026-09-01,chart_entry,gb,6013,462638897,,topfreeapplications_rank,40,Google Health (Fitbit) | new_entrant=False
2026-09-01,chart_entry,gb,6013,287529757,,topfreeapplications_rank,41,Calorie Counter - MyNetDiary | new_entrant=False
2026-09-01,chart_entry,gb,6013,1264546236,,topfreeapplications_rank,42,BetterMe Well-Being Coach | new_entrant=False
2026-09-01,chart_entry,gb,6013,1671548422,,topfreeapplications_rank,43,Paace: Rewards for Walking | new_entrant=False
2026-09-01,chart_entry,gb,6013,1488614267,,topfreeapplications_rank,44,Better UK | new_entrant=False
2026-09-01,chart_entry,gb,6013,1632059799,,topfreeapplications_rank,45,luna: teen health & period app | new_entrant=False
2026-09-01,chart_entry,gb,6013,6514310473,,topfreeapplications_rank,46,Sleep Tracker & Sound by Remly | new_entrant=False
2026-09-01,chart_entry,gb,6013,1528595748,,topfreeapplications_rank,47,Finch: Self-Care Pet | new_entrant=False
2026-09-01,chart_entry,gb,6013,6474290049,,topfreeapplications_rank,48,Calorie Counter by Numify | new_entrant=False
2026-09-01,chart_entry,gb,6013,1633296501,,topfreeapplications_rank,49,"Macadam: Step Counter, Rewards | new_entrant=False"
2026-09-01,chart_entry,gb,6013,912947244,,topfreeapplications_rank,50,"ClassPass: Fitness, Spa, Salon | new_entrant=False"
2026-09-01,chart_entry,gb,6013,1455105642,,topfreeapplications_rank,51,ClubRight | new_entrant=False
2026-09-01,chart_entry,gb,6013,1502936453,,topfreeapplications_rank,52,LADDER Strength Training Plans | new_entrant=False
2026-09-01,chart_entry,gb,6013,6447674634,,topfreeapplications_rank,53,"Lively - Period Tracker, Cycle | new_entrant=False"
2026-09-01,chart_entry,gb,6013,6448081563,,topfreeapplications_rank,54,Liftoff - Ranked Gym Workouts | new_entrant=False
2026-09-01,chart_entry,gb,6013,876080126,,topfreeapplications_rank,55,Motivation - Daily quotes | new_entrant=False
2026-09-01,chart_entry,gb,6013,1519208548,,topfreeapplications_rank,56,NHS Weight Loss Plan | new_entrant=False
2026-09-01,chart_entry,gb,6013,1467720176,,topfreeapplications_rank,57,Simple: AI Weight Loss Coach | new_entrant=False
2026-09-01,chart_entry,gb,6013,657189652,,topfreeapplications_rank,58,Clue Period & Cycle Tracker | new_entrant=False
2026-09-01,chart_entry,gb,6013,594428605,,topfreeapplications_rank,59,Emma's Diary Pregnancy Tracker | new_entrant=False
2026-09-01,chart_entry,gb,6013,6759631411,,topfreeapplications_rank,60,Bear: Holistic Food Scanner | new_entrant=False
2026-09-01,chart_entry,gb,6013,1043837948,,topfreeapplications_rank,61,Oura | new_entrant=False
2026-09-01,chart_entry,gb,6013,6754075317,,topfreeapplications_rank,62,ChillFit: Home Workout Planner | new_entrant=False
2026-09-01,chart_entry,gb,6013,666822519,,topfreeapplications_rank,63,BMI Calculator – Weight Loss | new_entrant=False
2026-09-01,chart_entry,gb,6013,874656917,,topfreeapplications_rank,64,I am - Daily Affirmations | new_entrant=False
2026-09-01,chart_entry,gb,6013,6781589845,,topfreeapplications_rank,65,CasNet | new_entrant=False
2026-09-01,chart_entry,gb,6013,1495829322,,topfreeapplications_rank,66,Stardust Period Tracker | new_entrant=False
2026-09-01,chart_entry,gb,6013,387771637,,topfreeapplications_rank,67,Nike Run Club: Running Coach | new_entrant=False
2026-09-01,chart_entry,gb,6013,6749317103,,topfreeapplications_rank,68,Bannatyne Health Club & Spa | new_entrant=False
2026-09-01,chart_entry,gb,6013,794024908,,topfreeapplications_rank,69,Vitality UK | new_entrant=False
2026-09-01,chart_entry,gb,6013,493145008,,topfreeapplications_rank,70,Headspace: Sleep & Meditation | new_entrant=False
2026-09-01,chart_entry,gb,6013,1134519201,,topfreeapplications_rank,71,FitSense | new_entrant=False
2026-09-01,chart_entry,gb,6013,712286167,,topfreeapplications_rank,72,Pedometer++ | new_entrant=False
2026-09-01,chart_entry,gb,6013,1237479843,,topfreeapplications_rank,73,GloryFit | new_entrant=False
2026-09-01,chart_entry,gb,6013,6469593859,,topfreeapplications_rank,74,Blood Pressure App:Better me | new_entrant=False
2026-09-01,chart_entry,gb,6013,1612026742,,topfreeapplications_rank,75,Nuffield Health | new_entrant=False
2026-09-01,chart_entry,gb,6013,1477782599,,topfreeapplications_rank,76,Hume Health | new_entrant=False
2026-09-01,chart_entry,gb,6013,1047722007,,topfreeapplications_rank,77,PhysiApp | new_entrant=False
2026-09-01,chart_entry,gb,6013,1553503471,,topfreeapplications_rank,78,MacroFactor - Macro Tracker | new_entrant=False
2026-09-01,chart_entry,gb,6013,1134998522,,topfreeapplications_rank,79,Fitbit to Apple Health Sync | new_entrant=False
2026-09-01,chart_entry,gb,6013,1041517543,,topfreeapplications_rank,80,Fitbod Workout & Gym Planner | new_entrant=False
2026-09-01,chart_entry,gb,6013,1598355340,,topfreeapplications_rank,81,Anytime Fitness App | new_entrant=False
2026-09-01,chart_entry,gb,6013,6449838043,,topfreeapplications_rank,82,Everlast Gyms | new_entrant=False
2026-09-01,chart_entry,gb,6013,1577856009,,topfreeapplications_rank,83,Momence | new_entrant=False
2026-09-01,chart_entry,gb,6013,896501514,,topfreeapplications_rank,84,Period & Cycle Tracker | new_entrant=False
2026-09-01,chart_entry,gb,6013,1669413773,,topfreeapplications_rank,85,LazyFit: Workout For Beginners | new_entrant=False
2026-09-01,chart_entry,gb,6013,320606217,,topfreeapplications_rank,86,Sleep Cycle - Tracker & Sounds | new_entrant=False
2026-09-01,chart_entry,gb,6013,6444737095,,topfreeapplications_rank,87,StressWatch: AI Stress Monitor | new_entrant=False
2026-09-01,chart_entry,gb,6013,995252384,,topfreeapplications_rank,88,BetterHelp - Therapy | new_entrant=False
2026-09-01,chart_entry,gb,6013,6474852610,,topfreeapplications_rank,89,HUAWEI Health: Europe | new_entrant=False
2026-09-01,chart_entry,gb,6013,933944389,,topfreeapplications_rank,90,WHOOP | new_entrant=False
2026-09-01,chart_entry,gb,6013,6473368226,,topfreeapplications_rank,91,Places Leisure | new_entrant=False
2026-09-01,chart_entry,gb,6013,464254577,,topfreeapplications_rank,92,Strong Workout Tracker Gym Log | new_entrant=False
2026-09-01,chart_entry,gb,6013,916224471,,topfreeapplications_rank,93,Glofox | new_entrant=False
2026-09-01,chart_entry,gb,6013,1638253339,,topfreeapplications_rank,94,Moneywalk Step Counter&Rewards | new_entrant=False
2026-09-01,chart_entry,gb,6013,703761434,,topfreeapplications_rank,95,Wellhub (Gympass) | new_entrant=False
2026-09-01,chart_entry,gb,6013,6753161422,,topfreeapplications_rank,96,Cardiora: Blood Pressure | new_entrant=False
2026-09-01,chart_entry,gb,6013,6450994700,,topfreeapplications_rank,97,Blood Pressure App-Health Body | new_entrant=False
2026-09-01,chart_entry,gb,6013,1446005742,,topfreeapplications_rank,98,Diabetes food tracker - Gococo | new_entrant=False
2026-09-01,chart_entry,gb,6013,698092608,,topfreeapplications_rank,99,Oral-B | new_entrant=False
2026-09-01,chart_entry,gb,6013,1490428576,,topfreeapplications_rank,100,VILLAGE GYM | new_entrant=False
2026-09-01,chart_entry,gb,6013,963034692,,toppaidapplications_rank,1,Streaks | new_entrant=False
2026-09-01,chart_entry,gb,6013,1241909999,,toppaidapplications_rank,2,WorkOutDoors | new_entrant=False
2026-09-01,chart_entry,gb,6013,1202650514,,toppaidapplications_rank,3,HealthFit | new_entrant=False
2026-09-01,chart_entry,gb,6013,1517914828,,toppaidapplications_rank,4,Watch to 5K: Couch to 5km plan | new_entrant=False
2026-09-01,chart_entry,gb,6013,1164801111,,toppaidapplications_rank,5,AutoSleep: Watch Sleep Tracker | new_entrant=False
2026-09-01,chart_entry,gb,6013,1347597121,,toppaidapplications_rank,6,Box Breathe | new_entrant=False
2026-09-01,chart_entry,gb,6013,347400507,,toppaidapplications_rank,7,Pocket Yoga | new_entrant=False
2026-09-01,chart_entry,gb,6013,352247139,,toppaidapplications_rank,8,Calorie Counter PRO MyNetDiary | new_entrant=False
2026-09-01,chart_entry,gb,6013,1062745479,,toppaidapplications_rank,9,HeartWatch: Heart Rate Monitor | new_entrant=False
2026-09-01,chart_entry,gb,6013,363978811,,toppaidapplications_rank,10,Seconds Pro Interval Timer | new_entrant=False
2026-09-01,chart_entry,gb,6013,493912733,,toppaidapplications_rank,11,Adrian James: 6 Pack Abs | new_entrant=False
2026-09-01,chart_entry,gb,6013,6753310758,,toppaidapplications_rank,12,Nomo Widgets | new_entrant=False
2026-09-01,chart_entry,gb,6013,687421118,,toppaidapplications_rank,13,Buddhify: Guided Meditation | new_entrant=False
2026-09-01,chart_entry,gb,6013,403230836,,toppaidapplications_rank,14,Team Bleep Test | new_entrant=False
2026-09-01,chart_entry,gb,6013,6474775565,,toppaidapplications_rank,15,Stop Smoking In 2 Hours | new_entrant=False
2026-09-01,chart_entry,gb,6013,1521160023,,toppaidapplications_rank,16,PaedCG - Paediatric ECG | new_entrant=False
2026-09-01,chart_entry,gb,6013,6779501593,,toppaidapplications_rank,17,RESET by Sarah Rusbatch | new_entrant=False
2026-09-01,chart_entry,gb,6013,418530908,,toppaidapplications_rank,18,Bleep Test Solo | new_entrant=False
2026-09-01,chart_entry,gb,6013,1536343162,,toppaidapplications_rank,19,Sobriety Counter - Pro | new_entrant=False
2026-09-01,chart_entry,gb,6013,1477944755,,toppaidapplications_rank,20,Health Export CSV | new_entrant=False
2026-09-01,chart_entry,gb,6013,6767550035,,toppaidapplications_rank,21,HurryPee - Toilet Reminder | new_entrant=False
2026-09-01,chart_entry,gb,6013,343747489,,toppaidapplications_rank,22,Army Survival Skills | new_entrant=False
2026-09-01,chart_entry,gb,6013,6758928120,,toppaidapplications_rank,23,Cardiogram | new_entrant=False
2026-09-01,chart_entry,gb,6013,6749297170,,toppaidapplications_rank,24,Health Data AI Analyzer | new_entrant=False
2026-09-01,chart_entry,gb,6013,289894882,,toppaidapplications_rank,25,White Noise | new_entrant=False
2026-09-01,chart_entry,gb,6013,473539105,,toppaidapplications_rank,26,Workout Calendar - Motivation | new_entrant=False
2026-09-01,chart_entry,gb,6013,6746334491,,toppaidapplications_rank,27,GlucoseWatch | new_entrant=False
2026-09-01,chart_entry,gb,6013,1142095221,,toppaidapplications_rank,28,Clock Yourself | new_entrant=False
2026-09-01,chart_entry,gb,6013,307219387,,toppaidapplications_rank,29,Brain Wave: 35 Binaural Series | new_entrant=False
2026-09-01,chart_entry,gb,6013,6475634754,,toppaidapplications_rank,30,BpExtract - for Hilo | new_entrant=False
2026-09-01,chart_entry,gb,6013,319043985,,toppaidapplications_rank,31,Get Running | new_entrant=False
2026-09-01,chart_entry,gb,6013,824204887,,toppaidapplications_rank,32,Mr Smooth Pro | new_entrant=False
2026-09-01,chart_entry,gb,6013,1044950341,,toppaidapplications_rank,33,Streaks Workout | new_entrant=False
2026-09-01,chart_entry,gb,6013,350529744,,toppaidapplications_rank,34,Run 10k - couch to 10k program | new_entrant=False
2026-09-01,chart_entry,gb,6013,647038074,,toppaidapplications_rank,35,Anxiety Release based on EMDR | new_entrant=False
2026-09-01,chart_entry,gb,6013,1265932217,,toppaidapplications_rank,36,IAM Yoga Nidra™ | new_entrant=False
2026-09-01,chart_entry,gb,6013,442921354,,toppaidapplications_rank,37,jog.fm - Running music at your pace | new_entrant=False
2026-09-01,chart_entry,gb,6013,937793199,,toppaidapplications_rank,38,Ref Guide for Essential Oils | new_entrant=False
2026-09-01,chart_entry,gb,6013,674541993,,toppaidapplications_rank,39,5:2 fasting diet | new_entrant=False
2026-09-01,chart_entry,gb,6013,1504221051,,toppaidapplications_rank,40,Calorie Counter - EasyFit Pro | new_entrant=False
2026-09-01,chart_entry,gb,6013,1185234081,,toppaidapplications_rank,41,Heart Rate Monitor + | new_entrant=False
2026-09-01,chart_entry,gb,6013,1038939461,,toppaidapplications_rank,42,BP Log | new_entrant=False
2026-09-01,chart_entry,gb,6013,1621267448,,toppaidapplications_rank,43,FormCheck AI: 表格检查 | new_entrant=False
2026-09-01,chart_entry,gb,6013,6759810746,,toppaidapplications_rank,44,5-4-3-2-1 Grounding | new_entrant=False
2026-09-01,chart_entry,gb,6013,6781699989,,toppaidapplications_rank,45,SportVitals: Recovery & HRV | new_entrant=False
2026-09-01,chart_entry,gb,6013,6791491016,,toppaidapplications_rank,46,Tiny Tummies | new_entrant=False
2026-09-01,chart_entry,gb,6013,6745417521,,toppaidapplications_rank,47,Calm Tap: Haptic Focus Aid | new_entrant=False
2026-09-01,chart_entry,gb,6013,6763081668,,toppaidapplications_rank,48,e-Zap Health | new_entrant=False
2026-09-01,chart_entry,gb,6013,686923970,,toppaidapplications_rank,49,HRV4Training | new_entrant=False
2026-09-01,chart_entry,gb,6013,6760286258,,toppaidapplications_rank,50,Silent Alarm | new_entrant=False
2026-09-01,chart_entry,gb,6013,6761014182,,toppaidapplications_rank,51,Cadence Running Metronome | new_entrant=False
2026-09-01,chart_entry,gb,6013,1485278667,,toppaidapplications_rank,52,HeartRate++ | new_entrant=False
2026-09-01,chart_entry,gb,6013,410413185,,toppaidapplications_rank,53,Weight Diary | new_entrant=False
2026-09-01,chart_entry,gb,6013,1442742654,,toppaidapplications_rank,54,Sezzy Timer | new_entrant=False
2026-09-01,chart_entry,gb,6013,1428570992,,toppaidapplications_rank,55,Skincare Routine | new_entrant=False
2026-09-01,chart_entry,gb,6013,1524577846,,toppaidapplications_rank,56,PepCalc: Peptide Calculator | new_entrant=False
2026-09-01,chart_entry,gb,6013,379485721,,toppaidapplications_rank,57,Blood Type Diet® | new_entrant=False
2026-09-01,chart_entry,gb,6013,455901722,,toppaidapplications_rank,58,Michael Gannon's Ashtanga Yoga | new_entrant=False
2026-09-01,chart_entry,gb,6013,683984776,,toppaidapplications_rank,59,Heart Rate Variability Logger | new_entrant=False
2026-09-01,chart_entry,gb,6013,6448931254,,toppaidapplications_rank,60,Soft Challenge | new_entrant=False
2026-09-01,chart_entry,gb,6013,1563824453,,toppaidapplications_rank,61,Activity Rings+ | new_entrant=False
2026-09-01,chart_entry,gb,6013,1577752006,,toppaidapplications_rank,62,Soccer Plus: Football Tracker | new_entrant=False
2026-09-01,chart_entry,gb,6013,1612242648,,toppaidapplications_rank,63,Saturated Fat Counter Tracker | new_entrant=False
2026-09-01,chart_entry,gb,6013,6755940368,,toppaidapplications_rank,64,Run/Walk BPM | new_entrant=False
2026-09-01,chart_entry,gb,6013,6800298802,,toppaidapplications_rank,65,Fitcontext - Training Export | new_entrant=False
2026-09-01,chart_entry,gb,6013,680170305,,toppaidapplications_rank,66,7 Minute Workout Challenge | new_entrant=False
2026-09-01,chart_entry,gb,6013,6804879121,,toppaidapplications_rank,67,Two Mint: Brushing Routine | new_entrant=False
2026-09-01,chart_entry,gb,6013,452705683,,toppaidapplications_rank,68,I'm Done Drinking | new_entrant=False
2026-09-01,chart_entry,gb,6013,1176374647,,toppaidapplications_rank,69,HealthFace | new_entrant=False
2026-09-01,chart_entry,gb,6013,1210251567,,toppaidapplications_rank,70,SleepTown | new_entrant=False
2026-09-01,chart_entry,gb,6013,590734349,,toppaidapplications_rank,71,Police Fitness Trainer | new_entrant=False
2026-09-01,chart_entry,gb,6013,1062915865,,toppaidapplications_rank,72,Fast Tract Diet | new_entrant=False
2026-09-01,chart_entry,gb,6013,6739606616,,toppaidapplications_rank,73,Sauna & Cold Plunge Tracker | new_entrant=False
2026-09-01,chart_entry,gb,6013,650740746,,toppaidapplications_rank,74,OnTheScales | new_entrant=False
2026-09-01,chart_entry,gb,6013,365215622,,toppaidapplications_rank,75,Diabetes Personal Calculator | new_entrant=False
2026-09-01,chart_entry,gb,6013,1493350670,,toppaidapplications_rank,76,Fitness Totals | new_entrant=False
2026-09-01,chart_entry,gb,6013,1599604990,,toppaidapplications_rank,77,Workout Live - Heart Rate Zone | new_entrant=False
2026-09-01,chart_entry,gb,6013,945061097,,toppaidapplications_rank,78,Shaolin Meditation | new_entrant=False
2026-09-01,chart_entry,gb,6013,1601149146,,toppaidapplications_rank,79,Runalyzer | new_entrant=False
2026-09-01,chart_entry,gb,6013,979307174,,toppaidapplications_rank,80,Tai Chi 24&48 Simplified Form | new_entrant=False
2026-09-01,chart_entry,gb,6013,6753123163,,toppaidapplications_rank,81,Sunrise Alarm for Smart Lights | new_entrant=False
2026-09-01,chart_entry,gb,6013,901760901,,toppaidapplications_rank,82,Protein Counter and Tracker | new_entrant=False
2026-09-01,chart_entry,gb,6013,1562688066,,toppaidapplications_rank,83,BreathTuner HRV | new_entrant=False
2026-09-01,chart_entry,gb,6013,1445337546,,toppaidapplications_rank,84,Yoga Deep Meditation | new_entrant=False
2026-09-01,chart_entry,gb,6013,6747005575,,toppaidapplications_rank,85,Oona: Ferber Method Timer | new_entrant=False
2026-09-01,chart_entry,gb,6013,1107020976,,toppaidapplications_rank,86,Carb Calculator | new_entrant=False
2026-09-01,chart_entry,gb,6013,6754806405,,toppaidapplications_rank,87,SPEECHROUTE | new_entrant=False
2026-09-01,chart_entry,gb,6013,1557764200,,toppaidapplications_rank,88,Alarum | new_entrant=False
2026-09-01,chart_entry,gb,6013,6760150004,,toppaidapplications_rank,89,Fuse – Merge & Trim Workouts | new_entrant=False
2026-09-01,chart_entry,gb,6013,6758357008,,toppaidapplications_rank,90,IVF & ICSI Calendar | new_entrant=False
2026-09-01,chart_entry,gb,6013,6802816539,,toppaidapplications_rank,91,CuriousMe | new_entrant=False
2026-09-01,chart_entry,gb,6013,6761738690,,toppaidapplications_rank,92,Reality Of Illness | new_entrant=False
2026-09-01,chart_entry,gb,6013,6761281378,,toppaidapplications_rank,93,Styrka - Gym Tracker | new_entrant=False
2026-09-01,chart_entry,gb,6013,1642027910,,toppaidapplications_rank,94,MotoSound - Therapy | new_entrant=False
2026-09-01,chart_entry,gb,6013,448474423,,toppaidapplications_rank,95,Couch to 5K® - Run training | new_entrant=False
2026-09-01,chart_entry,gb,6013,443646748,,toppaidapplications_rank,96,Fitness Buddy+ Gym Workout Log | new_entrant=False
2026-09-01,chart_entry,gb,6013,6787969363,,newapplications_rank,1,Detect My Owner | new_entrant=False
2026-09-01,chart_entry,gb,6013,6785919923,,newapplications_rank,2,Hero Clash Legends | new_entrant=False
2026-09-01,chart_entry,gb,6013,6777507072,,newapplications_rank,3,XLSX Spreadsheets Editor | new_entrant=False
2026-09-01,chart_entry,gb,6013,6743134572,,newapplications_rank,4,Limit Screen Time: Disconnect | new_entrant=False
2026-09-01,chart_entry,gb,6013,6781580778,,newapplications_rank,5,Nota AI:Meeting Recorder | new_entrant=False
2026-09-01,chart_entry,gb,6013,6769534330,,newapplications_rank,6,Cross Stitch: Antistress | new_entrant=False
2026-09-01,chart_entry,gb,6013,6768828918,,newapplications_rank,7,EasyFitPro | new_entrant=False
2026-09-01,chart_entry,gb,6013,6782311082,,newapplications_rank,8,FitBrothers | new_entrant=False
2026-09-01,chart_entry,gb,6013,6785582236,,newapplications_rank,9,Ready For Real Life | new_entrant=False
2026-09-01,chart_entry,gb,6013,6777166655,,newapplications_rank,10,Ringdown: Switchboard Puzzle | new_entrant=False
2026-09-01,chart_entry,gb,6013,6748061105,,newapplications_rank,11,Smart lD Photo Expert | new_entrant=False
2026-09-01,chart_entry,gb,6013,6782016971,,newapplications_rank,12,Junglee Coupon:Deals GiftCards | new_entrant=False
2026-09-01,chart_entry,gb,6013,6785767698,,newapplications_rank,13,SplitPDF -iReadPDF | new_entrant=False
2026-09-01,chart_entry,gb,6013,6785703012,,newapplications_rank,14,Vinyl Folders | new_entrant=False
2026-09-01,chart_entry,gb,6013,6788268925,,newapplications_rank,15,国内旅行業務取扱管理者 2026年版 問題集 一問一答・模試 | new_entrant=False
2026-09-01,chart_entry,gb,6013,6779643142,,newapplications_rank,16,Alamal (Vendor) | new_entrant=False
2026-09-01,chart_entry,gb,6013,6781886197,,newapplications_rank,17,Nevelo | new_entrant=False
2026-09-01,chart_entry,gb,6013,6783389300,,newapplications_rank,18,Aivolit POS | new_entrant=False
2026-09-01,chart_entry,gb,6013,6787373182,,newapplications_rank,19,bob: study & focus | new_entrant=False
2026-09-01,chart_entry,gb,6013,6788787015,,newapplications_rank,20,Retatrutide Tracker - RetaPal | new_entrant=False
2026-09-01,chart_entry,gb,6013,6787824728,,newapplications_rank,21,Cyber Core Manage | new_entrant=False
2026-09-01,chart_entry,gb,6013,6784849714,,newapplications_rank,22,TopupAFG - Top Up Afghanistan | new_entrant=False
2026-09-01,chart_entry,gb,6013,6787368326,,newapplications_rank,23,PromptG - AI Image Prompts | new_entrant=False
2026-09-01,chart_entry,gb,6013,6787404434,,newapplications_rank,24,The HDCA App | new_entrant=False
2026-09-01,chart_entry,gb,6013,6788356167,,newapplications_rank,25,ランバイクタイマー | new_entrant=False
2026-09-01,chart_entry,gb,6013,6786511513,,newapplications_rank,26,物慧云 | new_entrant=False
2026-09-01,chart_entry,gb,6013,6787623874,,newapplications_rank,27,Wakuru | new_entrant=False
2026-09-01,chart_entry,gb,6013,6787350926,,newapplications_rank,28,Deckwise: Flashcards | new_entrant=False
2026-09-01,chart_entry,gb,6013,6787700159,,newapplications_rank,29,成绩分数复盘-学生考试记录 | new_entrant=False
2026-09-01,chart_entry,gb,6013,6762241727,,newapplications_rank,30,MixMates Listener | new_entrant=False
2026-09-01,chart_entry,gb,6013,6787264089,,newapplications_rank,31,Sushi Pittari: Conveyor Math | new_entrant=False
2026-09-01,chart_entry,gb,6013,6786244483,,newapplications_rank,32,Baker's Note: Bread Recipes | new_entrant=False
2026-09-01,chart_entry,gb,6013,6787344144,,newapplications_rank,33,ハチぶん昆虫探検隊 | new_entrant=False
2026-09-01,chart_entry,gb,6013,6787749511,,newapplications_rank,34,個人情報保護士 2026年版 問題集 一問一答・模試 | new_entrant=False
2026-09-01,chart_entry,gb,6013,6781130779,,newapplications_rank,35,Christian History Daily | new_entrant=False
2026-09-01,chart_entry,gb,6013,6785829309,,newapplications_rank,36,Verbi Rektio – Finnish Verbs | new_entrant=False
2026-09-01,chart_entry,gb,6013,6787160415,,newapplications_rank,37,DeutschTrainer | new_entrant=False
2026-09-01,chart_entry,gb,6013,6783060211,,newapplications_rank,38,Boredly: I am bored | new_entrant=False
2026-09-01,chart_entry,gb,6013,6782207116,,newapplications_rank,39,Buy Mangoes | new_entrant=False
2026-09-01,chart_entry,gb,6013,6771440250,,newapplications_rank,40,Festa - Events Malta | new_entrant=False
2026-09-01,chart_entry,gb,6013,6782867707,,newapplications_rank,41,The Tiny Chest: Baby Wardrobe | new_entrant=False
2026-09-01,chart_entry,gb,6013,6788279708,,newapplications_rank,42,Sinbad Chinese: Learn Words | new_entrant=False
2026-09-01,chart_entry,gb,6013,6787331304,,newapplications_rank,43,Blindle: Daily Word Puzzle | new_entrant=False
2026-09-01,chart_entry,gb,6013,6784034642,,newapplications_rank,44,epCaregiver | new_entrant=False
2026-09-01,chart_entry,gb,6013,6786966525,,newapplications_rank,45,Plantshelf | new_entrant=False
2026-09-01,chart_entry,gb,6013,6788735325,,newapplications_rank,46,ViyoTech | new_entrant=False
2026-09-01,chart_entry,gb,6013,6758901191,,newapplications_rank,47,MonkeySSH | new_entrant=False
2026-09-01,chart_entry,gb,6013,6777010060,,newapplications_rank,48,PlacePod | new_entrant=False
2026-09-01,chart_entry,gb,6013,6788192857,,newapplications_rank,49,Swipe Blur: Face & Screenshot | new_entrant=False
2026-09-01,chart_entry,gb,6013,6787364362,,newapplications_rank,50,Mihrab: Quran & Prayer | new_entrant=False
2026-09-01,chart_entry,gb,6013,6786464405,,newapplications_rank,51,Sonr | new_entrant=False
2026-09-01,chart_entry,gb,6013,6780234068,,newapplications_rank,52,aethersmart 2.0 | new_entrant=False
2026-09-01,chart_entry,gb,6013,6786734061,,newapplications_rank,53,Trackd.tv | new_entrant=False
2026-09-01,chart_entry,gb,6013,6788009228,,newapplications_rank,54,BlockFeast | new_entrant=False
2026-09-01,chart_entry,gb,6013,6785265365,,newapplications_rank,55,Taxi official account | new_entrant=False
2026-09-01,chart_entry,gb,6013,6776418678,,newapplications_rank,56,MyTrip | Travel Smarter | new_entrant=False
2026-09-01,chart_entry,gb,6013,6787380694,,newapplications_rank,57,Nhat Sync Gambit | new_entrant=False
2026-09-01,chart_entry,gb,6013,6785003883,,newapplications_rank,58,HomeSwipe | new_entrant=False
2026-09-01,chart_entry,gb,6013,6777539164,,newapplications_rank,59,TidySpot: Home Inventory | new_entrant=False
2026-09-01,chart_entry,gb,6013,6783854806,,newapplications_rank,60,Khmer PenPal | new_entrant=False
2026-09-01,chart_entry,gb,6013,6786803983,,newapplications_rank,61,Golazo Breaker: Soccer Bricks | new_entrant=False
2026-09-01,chart_entry,gb,6013,6781108216,,newapplications_rank,62,Nuzzle – Local Dog Communities | new_entrant=False
2026-09-01,chart_entry,gb,6013,6787094058,,newapplications_rank,63,Gloam: Screen Time | new_entrant=False
2026-09-01,chart_entry,gb,6013,6761960918,,newapplications_rank,64,FairPay: Scan and Split | new_entrant=False
2026-09-01,chart_entry,gb,6013,6787367921,,newapplications_rank,65,Quick Sort: Brain Puzzle Game | new_entrant=False
2026-09-01,chart_entry,gb,6013,6786653811,,newapplications_rank,66,КимЧи Бар | Курск | new_entrant=False
2026-09-01,chart_entry,gb,6013,6786874114,,newapplications_rank,67,Empire Athletics 24/7 | new_entrant=False
2026-09-01,chart_entry,gb,6013,6787685665,,newapplications_rank,68,Blindfold Cow Stickers | new_entrant=False
2026-09-01,chart_entry,gb,6013,6788102382,,newapplications_rank,69,Balnce App | new_entrant=False
2026-09-01,chart_entry,gb,6013,6788432176,,newapplications_rank,70,TUFFCORE Fitness | new_entrant=False
2026-09-01,chart_entry,gb,6013,6787136617,,newapplications_rank,71,Viking Row | new_entrant=False
2026-09-01,chart_entry,gb,6013,6785077045,,newapplications_rank,72,Chartflow | new_entrant=False
2026-09-01,chart_entry,gb,6013,6785323264,,newapplications_rank,73,MyLocalBuddy | new_entrant=False
2026-09-01,chart_entry,gb,6013,6788110556,,newapplications_rank,74,霓虹裂隙：零号信标 | new_entrant=False
2026-09-01,chart_entry,gb,6013,6762562649,,newapplications_rank,75,GotoGo | new_entrant=False
2026-09-01,chart_entry,gb,6013,6788421393,,newapplications_rank,76,敷金・退去費用 どっち負担？チェック帳 | new_entrant=False
2026-09-01,chart_entry,gb,6013,6783265122,,newapplications_rank,77,cozyconnect | new_entrant=False
2026-09-01,chart_entry,gb,6013,6760594743,,newapplications_rank,78,Tickitat | new_entrant=False
2026-09-01,chart_entry,gb,6013,6768354401,,newapplications_rank,79,撃沈 | new_entrant=False
2026-09-01,chart_entry,gb,6013,6787165922,,newapplications_rank,80,Bara's Deli | new_entrant=False
2026-09-01,chart_entry,gb,6013,6785107322,,newapplications_rank,81,Gooya: Wedding & Events Camera | new_entrant=False
2026-09-01,chart_entry,gb,6013,6787669967,,newapplications_rank,82,小藍書 | Siulamsu | new_entrant=False
2026-09-01,chart_entry,gb,6013,6777525268,,newapplications_rank,83,Conecta Oficina | new_entrant=False
2026-09-01,chart_entry,gb,6013,6788006405,,newapplications_rank,84,Miyahead | new_entrant=False
2026-09-01,chart_entry,gb,6013,6784455673,,newapplications_rank,85,أثر | الدعاء للمتوفين | new_entrant=False
2026-09-01,chart_entry,gb,6013,6787705141,,newapplications_rank,86,清醒龙骑士 | new_entrant=False
2026-09-01,chart_entry,gb,6013,6782220605,,newapplications_rank,87,The Core Room | new_entrant=False
2026-09-01,chart_entry,gb,6013,6787436694,,newapplications_rank,88,エックス線作業主任者 試験対策｜問題集 | new_entrant=False
2026-09-01,chart_entry,gb,6013,6788507243,,newapplications_rank,89,Kimá Jewish Lunar-Solar Clock | new_entrant=False
2026-09-01,chart_entry,gb,6013,6786114311,,newapplications_rank,90,NoBounds | new_entrant=False
2026-09-01,chart_entry,gb,6013,6786301152,,newapplications_rank,91,Munch Munch: Your food score | new_entrant=False
2026-09-01,chart_entry,gb,6013,6788363284,,newapplications_rank,92,夜間点検簿：しずみ野団地 | new_entrant=False
2026-09-01,chart_entry,gb,6013,6762649751,,newapplications_rank,93,Glown | new_entrant=False
2026-09-01,chart_entry,gb,6013,6783462285,,newapplications_rank,94,F. BINSABBAR Membership | new_entrant=False
2026-09-01,chart_entry,gb,6013,6785312903,,newapplications_rank,95,Grandma Wisdom | new_entrant=False
2026-09-01,chart_entry,gb,6013,6788883822,,newapplications_rank,96,Splitto - Dela notan smidigt | new_entrant=False
2026-09-01,chart_entry,gb,6013,6774954733,,newapplications_rank,97,Qmentr | new_entrant=False
2026-09-01,chart_entry,gb,6013,6788771893,,newapplications_rank,98,Лунная Призма | new_entrant=False
2026-09-01,chart_entry,gb,6013,6786026778,,newapplications_rank,99,Moonwater | new_entrant=False
2026-09-01,chart_entry,gb,6013,6786781719,,newapplications_rank,100,Segnapunti - Giochi di Carte | new_entrant=False
2026-09-01,chart_entry,gb,6013,6787668730,,newapplications_rank,101,과제레이더 | new_entrant=False
2026-09-01,chart_entry,gb,6007,6448311069,,topfreeapplications_rank,1,ChatGPT | new_entrant=False
2026-09-01,chart_entry,gb,6007,983156458,,topfreeapplications_rank,2,Microsoft Authenticator | new_entrant=False
2026-09-01,chart_entry,gb,6007,6473753684,,topfreeapplications_rank,3,Claude by Anthropic | new_entrant=False
2026-09-01,chart_entry,gb,6007,6451431247,,topfreeapplications_rank,4,Dola: Smart AI Assistant | new_entrant=False
2026-09-01,chart_entry,gb,6007,6477489729,,topfreeapplications_rank,5,Google Gemini | new_entrant=False
2026-09-01,chart_entry,gb,6007,422689480,,topfreeapplications_rank,6,Gmail - Email by Google | new_entrant=False
2026-09-01,chart_entry,gb,6007,951937596,,topfreeapplications_rank,7,Microsoft Outlook | new_entrant=False
2026-09-01,chart_entry,gb,6007,1370293473,,topfreeapplications_rank,8,VPN - Super Unlimited Proxy ™ | new_entrant=False
2026-09-01,chart_entry,gb,6007,6670324846,,topfreeapplications_rank,9,Grok - AI Assistant | new_entrant=False
2026-09-01,chart_entry,gb,6007,1558240027,,topfreeapplications_rank,10,Meta AI | new_entrant=False
2026-09-01,chart_entry,gb,6007,507874739,,topfreeapplications_rank,11,Google Drive – online backup | new_entrant=False
2026-09-01,chart_entry,gb,6007,909319292,,topfreeapplications_rank,12,Google Calendar: Get Organised | new_entrant=False
2026-09-01,chart_entry,gb,6007,586447913,,topfreeapplications_rank,13,Microsoft Word | new_entrant=False
2026-09-01,chart_entry,gb,6007,541164041,,topfreeapplications_rank,14,Microsoft Copilot | new_entrant=False
2026-09-01,chart_entry,gb,6007,1391782046,,topfreeapplications_rank,15,Surfshark VPN: Fast & Secure | new_entrant=False
2026-09-01,chart_entry,gb,6007,842849113,,topfreeapplications_rank,16,Google Sheets | new_entrant=False
2026-09-01,chart_entry,gb,6007,842842640,,topfreeapplications_rank,17,Google Docs | new_entrant=False
2026-09-01,chart_entry,gb,6007,983980808,,topfreeapplications_rank,18,Yoti - Your digital identity | new_entrant=False
2026-09-01,chart_entry,gb,6007,6443686328,,topfreeapplications_rank,19,Link to Windows | new_entrant=False
2026-09-01,chart_entry,gb,6007,477537958,,topfreeapplications_rank,20,Microsoft OneDrive | new_entrant=False
2026-09-01,chart_entry,gb,6007,469284907,,topfreeapplications_rank,21,HP | new_entrant=False
2026-09-01,chart_entry,gb,6007,586683407,,topfreeapplications_rank,22,Microsoft Excel | new_entrant=False
2026-09-01,chart_entry,gb,6007,952578473,,topfreeapplications_rank,23,TimeTree: Shared Calendar | new_entrant=False
2026-09-01,chart_entry,gb,6007,1569379048,,topfreeapplications_rank,24,WeTransfer: Transfer Files | new_entrant=False
2026-09-01,chart_entry,gb,6007,327630330,,topfreeapplications_rank,25,Dropbox: Cloud File Storage | new_entrant=False
2026-09-01,chart_entry,gb,6007,577586159,,topfreeapplications_rank,26,Yahoo Mail - Organised Email | new_entrant=False
2026-09-01,chart_entry,gb,6007,1358107315,,topfreeapplications_rank,27,Ringtones Maker - the ring app | new_entrant=False
2026-09-01,chart_entry,gb,6007,1523682319,,topfreeapplications_rank,28,Widgetsmith | new_entrant=False
2026-09-01,chart_entry,gb,6007,6794501026,,topfreeapplications_rank,29,Grok Bot | new_entrant=False
2026-09-01,chart_entry,gb,6007,388627783,,topfreeapplications_rank,30,CamScanner - PDF Scanner App | new_entrant=False
2026-09-01,chart_entry,gb,6007,1232780281,,topfreeapplications_rank,31,"Notion: notes, tasks, AI | new_entrant=False"
2026-09-01,chart_entry,gb,6007,586449534,,topfreeapplications_rank,32,Microsoft PowerPoint | new_entrant=False
2026-09-01,chart_entry,gb,6007,6745890037,,topfreeapplications_rank,33,Super Fast VPN・Unlimited Proxy | new_entrant=False
2026-09-01,chart_entry,gb,6007,6446116532,,topfreeapplications_rank,34,MindNode: Mind Map & Outline | new_entrant=False
2026-09-01,chart_entry,gb,6007,1509453185,,topfreeapplications_rank,35,TeraBox: 1TB Cloud & AI Space | new_entrant=False
2026-09-01,chart_entry,gb,6007,979659905,,topfreeapplications_rank,36,Encrypted Email - Proton Mail | new_entrant=False
2026-09-01,chart_entry,gb,6007,6757661674,,topfreeapplications_rank,37,SocialLite-Block Reels&Shorts | new_entrant=False
2026-09-01,chart_entry,gb,6007,1570134612,,topfreeapplications_rank,38,Translator GO: AI Translate | new_entrant=False
2026-09-01,chart_entry,gb,6007,1658377526,,topfreeapplications_rank,39,Chatbot AI Assistant - Genie | new_entrant=False
2026-09-01,chart_entry,gb,6007,1497465230,,topfreeapplications_rank,40,Opal: Screen Time Control | new_entrant=False
2026-09-01,chart_entry,gb,6007,1668000334,,topfreeapplications_rank,41,Perplexity - AI Search & Chat | new_entrant=False
2026-09-01,chart_entry,gb,6007,1478345385,,topfreeapplications_rank,42,Study Bunny: Focus Timer | new_entrant=False
2026-09-01,chart_entry,gb,6007,1612822001,,topfreeapplications_rank,43,Private VPN Proxy - Easy Start | new_entrant=False
2026-09-01,chart_entry,gb,6007,345323231,,topfreeapplications_rank,44,Microsoft Bing Search | new_entrant=False
2026-09-01,chart_entry,gb,6007,1669007652,,topfreeapplications_rank,45,AI Chatbot - Nova | new_entrant=False
2026-09-01,chart_entry,gb,6007,6444708069,,topfreeapplications_rank,46,Word Office:Edit Word Document | new_entrant=False
2026-09-01,chart_entry,gb,6007,879478102,,topfreeapplications_rank,47,Google Slides | new_entrant=False
2026-09-01,chart_entry,gb,6007,1177964608,,topfreeapplications_rank,48,TOR Browser: OrNET Onion + VPN | new_entrant=False
2026-09-01,chart_entry,gb,6007,6670175056,,topfreeapplications_rank,49,Summary - AI Note Taker | new_entrant=False
2026-09-01,chart_entry,gb,6007,1129435228,,topfreeapplications_rank,50,VPN Windscribe: Fast & Secure | new_entrant=False
2026-09-01,chart_entry,gb,6007,725215120,,topfreeapplications_rank,51,"SHAREit: Transfer, Share Files | new_entrant=False"
2026-09-01,chart_entry,gb,6007,1365309175,,topfreeapplications_rank,52,Turbo VPN Private Browser | new_entrant=False
2026-09-01,chart_entry,gb,6007,1099748482,,topfreeapplications_rank,53,Spaces: Follow Businesses | new_entrant=False
2026-09-01,chart_entry,gb,6007,6755107873,,topfreeapplications_rank,54,DSeek - Your AI Assistant | new_entrant=False
2026-09-01,chart_entry,gb,6007,1025707485,,topfreeapplications_rank,55,VPN Proxy Master - Unlimited | new_entrant=False
2026-09-01,chart_entry,gb,6007,1499198946,,topfreeapplications_rank,56,Structured: Daily Planner Todo | new_entrant=False
2026-09-01,chart_entry,gb,6007,706857885,,topfreeapplications_rank,57,MEGA: Encrypted Cloud Storage | new_entrant=False
2026-09-01,chart_entry,gb,6007,1250312807,,topfreeapplications_rank,58,X-VPN: VPN Fast & Secure | new_entrant=False
2026-09-01,chart_entry,gb,6007,1451784328,,topfreeapplications_rank,59,Google One | new_entrant=False
2026-09-01,chart_entry,gb,6007,1029207872,,topfreeapplications_rank,60,Google Keep - Notes and lists | new_entrant=False
2026-09-01,chart_entry,gb,6007,608834326,,topfreeapplications_rank,61,"Calendars・Daily Planner, To do | new_entrant=False"
2026-09-01,chart_entry,gb,6007,1438388363,,topfreeapplications_rank,62,Habit Tracker | new_entrant=False
2026-09-01,chart_entry,gb,6007,6759957263,,topfreeapplications_rank,63,Office Word: Edit Document | new_entrant=False
2026-09-01,chart_entry,gb,6007,1669513811,,topfreeapplications_rank,64,OneSearch: DeepSearch Finder | new_entrant=False
2026-09-01,chart_entry,gb,6007,983258067,,topfreeapplications_rank,65,Countdown: Event Countdown | new_entrant=False
2026-09-01,chart_entry,gb,6007,6737527615,,topfreeapplications_rank,66,Gemini Notebook | new_entrant=False
2026-09-01,chart_entry,gb,6007,1158877342,,topfreeapplications_rank,67,Grammarly: AI Keyboard & Voice | new_entrant=False
2026-09-01,chart_entry,gb,6007,1475531051,,topfreeapplications_rank,68,Ridmik Keyboard | new_entrant=False
2026-09-01,chart_entry,gb,6007,6736793117,,topfreeapplications_rank,69,Foqos - Tap to Block | new_entrant=False
2026-09-01,chart_entry,gb,6007,6758457625,,topfreeapplications_rank,70,Focustown: Pomodoro Timer | new_entrant=False
2026-09-01,chart_entry,gb,6007,1644737181,,topfreeapplications_rank,71,BePresent: Screen Time Tracker | new_entrant=False
2026-09-01,chart_entry,gb,6007,6744338972,,topfreeapplications_rank,72,Brainrot: Screen Time Control | new_entrant=False
2026-09-01,chart_entry,gb,6007,1666645584,,topfreeapplications_rank,73,Clever Cleaner: Photo Storage | new_entrant=False
2026-09-01,chart_entry,gb,6007,1091505266,,topfreeapplications_rank,74,Microsoft SharePoint | new_entrant=False
2026-09-01,chart_entry,gb,6007,410395246,,topfreeapplications_rank,75,Microsoft OneNote | new_entrant=False
2026-09-01,chart_entry,gb,6007,6497229487,,topfreeapplications_rank,76,Wispr Flow: AI Voice Keyboard | new_entrant=False
2026-09-01,chart_entry,gb,6007,6473046576,,topfreeapplications_rank,77,VPN FREE Fast Unlimited Proxy | new_entrant=False
2026-09-01,chart_entry,gb,6007,496889629,,topfreeapplications_rank,78,FamilyWall: Family Organizer | new_entrant=False
2026-09-01,chart_entry,gb,6007,6479373050,,topfreeapplications_rank,79,ElevenReader: Read Books Aloud | new_entrant=False
2026-09-01,chart_entry,gb,6007,1528940523,,topfreeapplications_rank,80,VPN - Fast VPN Super ™ | new_entrant=False
2026-09-01,chart_entry,gb,6007,1104165041,,topfreeapplications_rank,81,Supershift Shift Work Calendar | new_entrant=False
2026-09-01,chart_entry,gb,6007,1559479889,,topfreeapplications_rank,82,Chat Smith: AI Chatbot & Agent | new_entrant=False
2026-09-01,chart_entry,gb,6007,1661308505,,topfreeapplications_rank,83,ChatOn AI - Chat Bot Assistant | new_entrant=False
2026-09-01,chart_entry,gb,6007,1619382448,,topfreeapplications_rank,84,Google Form App | new_entrant=False
2026-09-01,chart_entry,gb,6007,1480220328,,topfreeapplications_rank,85,Tiimo: Daily To-Do List | new_entrant=False
2026-09-01,chart_entry,gb,6007,6448794069,,topfreeapplications_rank,86,Brick - Ditch Distractions | new_entrant=False
2026-09-01,chart_entry,gb,6007,1161727483,,topfreeapplications_rank,87,Vodafone Secure Net | new_entrant=False
2026-09-01,chart_entry,gb,6007,1209815023,,topfreeapplications_rank,88,Speechify – Text to Speech | new_entrant=False
2026-09-01,chart_entry,gb,6007,572688855,,topfreeapplications_rank,89,Todoist: To Do List & Calendar | new_entrant=False
2026-09-01,chart_entry,gb,6007,6782631621,,topfreeapplications_rank,90,Lotus VPN - Private Browser | new_entrant=False
2026-09-01,chart_entry,gb,6007,1541027222,,topfreeapplications_rank,91,ScreenZen- Screen Time Control | new_entrant=False
2026-09-01,chart_entry,gb,6007,364901807,,topfreeapplications_rank,92,Documents: File Manager & Docs | new_entrant=False
2026-09-01,chart_entry,gb,6007,626144601,,topfreeapplications_rank,93,TickTick:To-Do List & Calendar | new_entrant=False
2026-09-01,chart_entry,gb,6007,1212616790,,topfreeapplications_rank,94,Microsoft To Do | new_entrant=False
2026-09-01,chart_entry,gb,6007,1461747901,,topfreeapplications_rank,95,Mobile Scanner App - Scan PDF | new_entrant=False
2026-09-01,chart_entry,gb,6007,1552010191,,topfreeapplications_rank,96,Post Office EasyID | new_entrant=False
2026-09-01,chart_entry,gb,6007,6756182989,,topfreeapplications_rank,97,Countdown Widget: Days Until | new_entrant=False
2026-09-01,chart_entry,gb,6007,6759947633,,topfreeapplications_rank,98,Freaky AI Chat | new_entrant=False
2026-09-01,chart_entry,gb,6007,6754769854,,topfreeapplications_rank,99,Driving Test Cancellations UK | new_entrant=False
2026-09-01,chart_entry,gb,6007,430234732,,toppaidapplications_rank,1,Site Audit Pro | new_entrant=False
2026-09-01,chart_entry,gb,6007,6449003064,,toppaidapplications_rank,2,Goblin Tools | new_entrant=False
2026-09-01,chart_entry,gb,6007,6779987526,,toppaidapplications_rank,3,Parchment: Agenda & Daily Note | new_entrant=False
2026-09-01,chart_entry,gb,6007,6739263703,,toppaidapplications_rank,4,Unora | new_entrant=False
2026-09-01,chart_entry,gb,6007,904237743,,toppaidapplications_rank,5,Things 3 | new_entrant=False
2026-09-01,chart_entry,gb,6007,378503081,,toppaidapplications_rank,6,Groundwire: VoIP SIP Softphone | new_entrant=False
2026-09-01,chart_entry,gb,6007,390017969,,toppaidapplications_rank,7,Due - Reminders & Timers | new_entrant=False
2026-09-01,chart_entry,gb,6007,352000376,,toppaidapplications_rank,8,Shift Worker | new_entrant=False
2026-09-01,chart_entry,gb,6007,6749840287,,toppaidapplications_rank,9,Conduit: Open WebUI & AI | new_entrant=False
2026-09-01,chart_entry,gb,6007,1035689743,,toppaidapplications_rank,10,BusyCal: Calendar & Tasks | new_entrant=False
2026-09-01,chart_entry,gb,6007,1389771232,,toppaidapplications_rank,11,PLANBELLA - Planner App | new_entrant=False
2026-09-01,chart_entry,gb,6007,531198828,,toppaidapplications_rank,12,Amerigo - File Manager | new_entrant=False
2026-09-01,chart_entry,gb,6007,1672085276,,toppaidapplications_rank,13,Aiko | new_entrant=False
2026-09-01,chart_entry,gb,6007,1489470545,,toppaidapplications_rank,14,iFacialMocap | new_entrant=False
2026-09-01,chart_entry,gb,6007,972387337,,toppaidapplications_rank,15,Scrivener | new_entrant=False
2026-09-01,chart_entry,gb,6007,775737172,,toppaidapplications_rank,16,iA Writer | new_entrant=False
2026-09-01,chart_entry,gb,6007,6738342400,,toppaidapplications_rank,17,Tampermonkey | new_entrant=False
2026-09-01,chart_entry,gb,6007,1085978097,,toppaidapplications_rank,18,Pythonista 3 | new_entrant=False
2026-09-01,chart_entry,gb,6007,777310222,,toppaidapplications_rank,19,GoodReader PDF Editor & Viewer | new_entrant=False
2026-09-01,chart_entry,gb,6007,1438243180,,toppaidapplications_rank,20,Dark Reader for Safari | new_entrant=False
2026-09-01,chart_entry,gb,6007,1332273123,,toppaidapplications_rank,21,ChoreoRoom | new_entrant=False
2026-09-01,chart_entry,gb,6007,1540668458,,toppaidapplications_rank,22,Birthday Countdown & Gift List | new_entrant=False
2026-09-01,chart_entry,gb,6007,6759630325,,toppaidapplications_rank,23,Open Relay - Open WebUI Client | new_entrant=False
2026-09-01,chart_entry,gb,6007,1573461917,,toppaidapplications_rank,24,SponsorBlock for Safari | new_entrant=False
2026-09-01,chart_entry,gb,6007,1661093205,,toppaidapplications_rank,25,SocialFocus: Hide Distractions | new_entrant=False
2026-09-01,chart_entry,gb,6007,6792722747,,toppaidapplications_rank,26,View Later | new_entrant=False
2026-09-01,chart_entry,gb,6007,1211287819,,toppaidapplications_rank,27,Show StopWatch | new_entrant=False
2026-09-01,chart_entry,gb,6007,6795152195,,toppaidapplications_rank,28,Kan Do: Project Management | new_entrant=False
2026-09-01,chart_entry,gb,6007,6480082872,,toppaidapplications_rank,29,Dumbify | new_entrant=False
2026-09-01,chart_entry,gb,6007,588849050,,toppaidapplications_rank,30,Gas Rate Calculator & Guide | new_entrant=False
2026-09-01,chart_entry,gb,6007,1451559391,,toppaidapplications_rank,31,Phone Buddy Phone Lost Alert | new_entrant=False
2026-09-01,chart_entry,gb,6007,6749447853,,toppaidapplications_rank,32,TeachMate | new_entrant=False
2026-09-01,chart_entry,gb,6007,1637438059,,toppaidapplications_rank,33,UnTrap for YouTube | new_entrant=False
2026-09-01,chart_entry,gb,6007,1328806990,,toppaidapplications_rank,34,Bear Focus Timer: Work & Study | new_entrant=False
2026-09-01,chart_entry,gb,6007,860024390,,toppaidapplications_rank,35,Story Planner for Writers | new_entrant=False
2026-09-01,chart_entry,gb,6007,1021997871,,toppaidapplications_rank,36,Wiring & Controls - Diagrams | new_entrant=False
2026-09-01,chart_entry,gb,6007,1639687057,,toppaidapplications_rank,37,Galactic: Web Browser & Google | new_entrant=False
2026-09-01,chart_entry,gb,6007,6480510866,,toppaidapplications_rank,38,MobileFamilyTree 11 | new_entrant=False
2026-09-01,chart_entry,gb,6007,6761693183,,toppaidapplications_rank,39,Raven - Markdown Notes | new_entrant=False
2026-09-01,chart_entry,gb,6007,6760622185,,toppaidapplications_rank,40,Sayboard: Offline AI Keyboard | new_entrant=False
2026-09-01,chart_entry,gb,6007,6755577839,,toppaidapplications_rank,41,Voice Memos - Merge | new_entrant=False
2026-09-01,chart_entry,gb,6007,367455861,,toppaidapplications_rank,42,PrintCentral for iPhone | new_entrant=False
2026-09-01,chart_entry,gb,6007,6760953798,,toppaidapplications_rank,43,ContactMe - Alerts for VATSIM | new_entrant=False
2026-09-01,chart_entry,gb,6007,1037960018,,toppaidapplications_rank,44,Graphic for iPhone | new_entrant=False
2026-09-01,chart_entry,gb,6007,284455726,,toppaidapplications_rank,45,Outliner | new_entrant=False
2026-09-01,chart_entry,gb,6007,377185812,,toppaidapplications_rank,46,CopyIt The Grid Drawing Method | new_entrant=False
2026-09-01,chart_entry,gb,6007,396101792,,toppaidapplications_rank,47,"ezPDF Reader: PDF Reader, Annotator & Form Filler | new_entrant=False"
2026-09-01,chart_entry,gb,6007,1260915283,,toppaidapplications_rank,48,Yoink - Improved Drag and Drop | new_entrant=False
2026-09-01,chart_entry,gb,6007,820659911,,toppaidapplications_rank,49,Voice Record Pro 7 Full | new_entrant=False
2026-09-01,chart_entry,gb,6007,1490084838,,toppaidapplications_rank,50,Notebooks: Write and Organize | new_entrant=False
2026-09-01,chart_entry,gb,6007,449838839,,toppaidapplications_rank,51,Secure+ password manager | new_entrant=False
2026-09-01,chart_entry,gb,6007,1422480068,,toppaidapplications_rank,52,Notes Writer Pro: Beyond PDFs | new_entrant=False
2026-09-01,chart_entry,gb,6007,6751271083,,toppaidapplications_rank,53,PaperTrail: TaskPaper Client | new_entrant=False
2026-09-01,chart_entry,gb,6007,441746790,,toppaidapplications_rank,54,allThings | new_entrant=False
2026-09-01,chart_entry,gb,6007,6596780585,,toppaidapplications_rank,55,Stenographer | new_entrant=False
2026-09-01,chart_entry,gb,6007,6765630689,,toppaidapplications_rank,56,Till Then | new_entrant=False
2026-09-01,chart_entry,gb,6007,1589668782,,toppaidapplications_rank,57,MaxButton | new_entrant=False
2026-09-01,chart_entry,gb,6007,6790163790,,toppaidapplications_rank,58,Kujun | new_entrant=False
2026-09-01,chart_entry,gb,6007,6738308406,,toppaidapplications_rank,59,Plan Tomorrow Pro | new_entrant=False
2026-09-01,chart_entry,gb,6007,6762098328,,toppaidapplications_rank,60,Digital Legacy Vault | new_entrant=False
2026-09-01,chart_entry,gb,6007,6762017712,,toppaidapplications_rank,61,HabitBlocker: Earn Screen Time | new_entrant=False
2026-09-01,chart_entry,gb,6007,6447090616,,toppaidapplications_rank,62,Whisper Notes - Speech to Text | new_entrant=False
2026-09-01,chart_entry,gb,6007,1496845136,,toppaidapplications_rank,63,impcat | new_entrant=False
2026-09-01,chart_entry,gb,6007,6476123178,,toppaidapplications_rank,64,Merge Voice Memos | new_entrant=False
2026-09-01,chart_entry,gb,6007,354065335,,toppaidapplications_rank,65,Stress Free with AJ | new_entrant=False
2026-09-01,chart_entry,gb,6007,515197396,,toppaidapplications_rank,66,Reminder & Countdown Pro | new_entrant=False
2026-09-01,chart_entry,gb,6007,6761292407,,toppaidapplications_rank,67,gtsync: Sync Tasks & Reminders | new_entrant=False
2026-09-01,chart_entry,gb,6007,6775973353,,toppaidapplications_rank,68,Interstitial Journal App | new_entrant=False
2026-09-01,chart_entry,gb,6007,520231936,,toppaidapplications_rank,69,eDrawings | new_entrant=False
2026-09-01,chart_entry,gb,6007,1579902068,,toppaidapplications_rank,70,xSearch for Safari | new_entrant=False
2026-09-01,chart_entry,gb,6007,423492040,,toppaidapplications_rank,71,Planimeter — Measure Land Area | new_entrant=False
2026-09-01,chart_entry,gb,6007,1602403259,,toppaidapplications_rank,72,Webmail App: IMAP Email Client | new_entrant=False
2026-09-01,chart_entry,gb,6007,927944141,,toppaidapplications_rank,73,Alfred Remote | new_entrant=False
2026-09-01,chart_entry,gb,6007,300370871,,toppaidapplications_rank,74,CalenGoo Calendar | new_entrant=False
2026-09-01,chart_entry,gb,6007,6762416055,,toppaidapplications_rank,75,Ribbon - a linkding client | new_entrant=False
2026-09-01,chart_entry,gb,6007,576226036,,toppaidapplications_rank,76,Braintoss | new_entrant=False
2026-09-01,chart_entry,gb,6007,338061150,,toppaidapplications_rank,77,PassDiary Password Manager | new_entrant=False
2026-09-01,chart_entry,gb,6007,6450112388,,toppaidapplications_rank,78,192.168.0.1 Admin | new_entrant=False
2026-09-01,chart_entry,gb,6007,620793018,,toppaidapplications_rank,79,Heatloss Calculator & Guide | new_entrant=False
2026-09-01,chart_entry,gb,6007,796959534,,toppaidapplications_rank,80,Nintype | new_entrant=False
2026-09-01,chart_entry,gb,6007,576718804,,toppaidapplications_rank,81,aTimeLogger Time Tracker | new_entrant=False
2026-09-01,chart_entry,gb,6007,339407922,,toppaidapplications_rank,82,iBend Pipe | new_entrant=False
2026-09-01,chart_entry,gb,6007,1543127868,,toppaidapplications_rank,83,PaperCal | new_entrant=False
2026-09-01,chart_entry,gb,6007,1449380586,,toppaidapplications_rank,84,WristMail for Gmail | new_entrant=False
2026-09-01,chart_entry,gb,6007,6504460040,,toppaidapplications_rank,85,Calendar Widgets |  MoCalendar | new_entrant=False
2026-09-01,chart_entry,gb,6007,6480159520,,toppaidapplications_rank,86,Whisper Pen - Speech to Text | new_entrant=False
2026-09-01,chart_entry,gb,6007,6755746138,,toppaidapplications_rank,87,15 Minutes - Timer Tracker | new_entrant=False
2026-09-01,chart_entry,gb,6007,6758999332,,toppaidapplications_rank,88,Itsypad | new_entrant=False
2026-09-01,chart_entry,gb,6007,6746972550,,toppaidapplications_rank,89,RackPlanner Pro | new_entrant=False
2026-09-01,chart_entry,gb,6007,6748281057,,toppaidapplications_rank,90,Linkbot | new_entrant=False
2026-09-01,chart_entry,gb,6007,368070258,,toppaidapplications_rank,91,LineLearner | new_entrant=False
2026-09-01,chart_entry,gb,6007,1556767917,,toppaidapplications_rank,92,Sheet Metal Workshop Pro V2 | new_entrant=False
2026-09-01,chart_entry,gb,6007,1481853033,,toppaidapplications_rank,93,Strongbox Pro | new_entrant=False
2026-09-01,chart_entry,gb,6007,6759628051,,toppaidapplications_rank,94,Recordus - AI Voice Recorder | new_entrant=False
2026-09-01,chart_entry,gb,6007,6802023480,,toppaidapplications_rank,95,Inkaloo | new_entrant=False
2026-09-01,chart_entry,gb,6007,314192799,,toppaidapplications_rank,96,Acrobits Softphone | new_entrant=False
2026-09-01,chart_entry,gb,6007,6458740044,,toppaidapplications_rank,97,(beat) for iOS | new_entrant=False
2026-09-01,chart_entry,gb,6007,1581731101,,toppaidapplications_rank,98,InvenTree | new_entrant=False
2026-09-01,chart_entry,gb,6007,325962257,,toppaidapplications_rank,99,My Measures PRO + AR Measure | new_entrant=False
2026-09-01,chart_entry,gb,6007,6787969363,,newapplications_rank,1,Detect My Owner | new_entrant=False
2026-09-01,chart_entry,gb,6007,6785919923,,newapplications_rank,2,Hero Clash Legends | new_entrant=False
2026-09-01,chart_entry,gb,6007,6777507072,,newapplications_rank,3,XLSX Spreadsheets Editor | new_entrant=False
2026-09-01,chart_entry,gb,6007,6743134572,,newapplications_rank,4,Limit Screen Time: Disconnect | new_entrant=False
2026-09-01,chart_entry,gb,6007,6781580778,,newapplications_rank,5,Nota AI:Meeting Recorder | new_entrant=False
2026-09-01,chart_entry,gb,6007,6769534330,,newapplications_rank,6,Cross Stitch: Antistress | new_entrant=False
2026-09-01,chart_entry,gb,6007,6768828918,,newapplications_rank,7,EasyFitPro | new_entrant=False
2026-09-01,chart_entry,gb,6007,6782311082,,newapplications_rank,8,FitBrothers | new_entrant=False
2026-09-01,chart_entry,gb,6007,6785582236,,newapplications_rank,9,Ready For Real Life | new_entrant=False
2026-09-01,chart_entry,gb,6007,6777166655,,newapplications_rank,10,Ringdown: Switchboard Puzzle | new_entrant=False
2026-09-01,chart_entry,gb,6007,6748061105,,newapplications_rank,11,Smart lD Photo Expert | new_entrant=False
2026-09-01,chart_entry,gb,6007,6782016971,,newapplications_rank,12,Junglee Coupon:Deals GiftCards | new_entrant=False
2026-09-01,chart_entry,gb,6007,6785767698,,newapplications_rank,13,SplitPDF -iReadPDF | new_entrant=False
2026-09-01,chart_entry,gb,6007,6785703012,,newapplications_rank,14,Vinyl Folders | new_entrant=False
2026-09-01,chart_entry,gb,6007,6788268925,,newapplications_rank,15,国内旅行業務取扱管理者 2026年版 問題集 一問一答・模試 | new_entrant=False
2026-09-01,chart_entry,gb,6007,6779643142,,newapplications_rank,16,Alamal (Vendor) | new_entrant=False
2026-09-01,chart_entry,gb,6007,6781886197,,newapplications_rank,17,Nevelo | new_entrant=False
2026-09-01,chart_entry,gb,6007,6783389300,,newapplications_rank,18,Aivolit POS | new_entrant=False
2026-09-01,chart_entry,gb,6007,6787373182,,newapplications_rank,19,bob: study & focus | new_entrant=False
2026-09-01,chart_entry,gb,6007,6788787015,,newapplications_rank,20,Retatrutide Tracker - RetaPal | new_entrant=False
2026-09-01,chart_entry,gb,6007,6787824728,,newapplications_rank,21,Cyber Core Manage | new_entrant=False
2026-09-01,chart_entry,gb,6007,6784849714,,newapplications_rank,22,TopupAFG - Top Up Afghanistan | new_entrant=False
2026-09-01,chart_entry,gb,6007,6787368326,,newapplications_rank,23,PromptG - AI Image Prompts | new_entrant=False
2026-09-01,chart_entry,gb,6007,6787404434,,newapplications_rank,24,The HDCA App | new_entrant=False
2026-09-01,chart_entry,gb,6007,6788356167,,newapplications_rank,25,ランバイクタイマー | new_entrant=False
2026-09-01,chart_entry,gb,6007,6786511513,,newapplications_rank,26,物慧云 | new_entrant=False
2026-09-01,chart_entry,gb,6007,6787623874,,newapplications_rank,27,Wakuru | new_entrant=False
2026-09-01,chart_entry,gb,6007,6787350926,,newapplications_rank,28,Deckwise: Flashcards | new_entrant=False
2026-09-01,chart_entry,gb,6007,6787700159,,newapplications_rank,29,成绩分数复盘-学生考试记录 | new_entrant=False
2026-09-01,chart_entry,gb,6007,6762241727,,newapplications_rank,30,MixMates Listener | new_entrant=False
2026-09-01,chart_entry,gb,6007,6787264089,,newapplications_rank,31,Sushi Pittari: Conveyor Math | new_entrant=False
2026-09-01,chart_entry,gb,6007,6786244483,,newapplications_rank,32,Baker's Note: Bread Recipes | new_entrant=False
2026-09-01,chart_entry,gb,6007,6787344144,,newapplications_rank,33,ハチぶん昆虫探検隊 | new_entrant=False
2026-09-01,chart_entry,gb,6007,6787749511,,newapplications_rank,34,個人情報保護士 2026年版 問題集 一問一答・模試 | new_entrant=False
2026-09-01,chart_entry,gb,6007,6781130779,,newapplications_rank,35,Christian History Daily | new_entrant=False
2026-09-01,chart_entry,gb,6007,6785829309,,newapplications_rank,36,Verbi Rektio – Finnish Verbs | new_entrant=False
2026-09-01,chart_entry,gb,6007,6787160415,,newapplications_rank,37,DeutschTrainer | new_entrant=False
2026-09-01,chart_entry,gb,6007,6783060211,,newapplications_rank,38,Boredly: I am bored | new_entrant=False
2026-09-01,chart_entry,gb,6007,6782207116,,newapplications_rank,39,Buy Mangoes | new_entrant=False
2026-09-01,chart_entry,gb,6007,6771440250,,newapplications_rank,40,Festa - Events Malta | new_entrant=False
2026-09-01,chart_entry,gb,6007,6782867707,,newapplications_rank,41,The Tiny Chest: Baby Wardrobe | new_entrant=False
2026-09-01,chart_entry,gb,6007,6788279708,,newapplications_rank,42,Sinbad Chinese: Learn Words | new_entrant=False
2026-09-01,chart_entry,gb,6007,6787331304,,newapplications_rank,43,Blindle: Daily Word Puzzle | new_entrant=False
2026-09-01,chart_entry,gb,6007,6784034642,,newapplications_rank,44,epCaregiver | new_entrant=False
2026-09-01,chart_entry,gb,6007,6786966525,,newapplications_rank,45,Plantshelf | new_entrant=False
2026-09-01,chart_entry,gb,6007,6788735325,,newapplications_rank,46,ViyoTech | new_entrant=False
2026-09-01,chart_entry,gb,6007,6758901191,,newapplications_rank,47,MonkeySSH | new_entrant=False
2026-09-01,chart_entry,gb,6007,6777010060,,newapplications_rank,48,PlacePod | new_entrant=False
2026-09-01,chart_entry,gb,6007,6788192857,,newapplications_rank,49,Swipe Blur: Face & Screenshot | new_entrant=False
2026-09-01,chart_entry,gb,6007,6787364362,,newapplications_rank,50,Mihrab: Quran & Prayer | new_entrant=False
2026-09-01,chart_entry,gb,6007,6786464405,,newapplications_rank,51,Sonr | new_entrant=False
2026-09-01,chart_entry,gb,6007,6780234068,,newapplications_rank,52,aethersmart 2.0 | new_entrant=False
2026-09-01,chart_entry,gb,6007,6786734061,,newapplications_rank,53,Trackd.tv | new_entrant=False
2026-09-01,chart_entry,gb,6007,6788009228,,newapplications_rank,54,BlockFeast | new_entrant=False
2026-09-01,chart_entry,gb,6007,6785265365,,newapplications_rank,55,Taxi official account | new_entrant=False
2026-09-01,chart_entry,gb,6007,6776418678,,newapplications_rank,56,MyTrip | Travel Smarter | new_entrant=False
2026-09-01,chart_entry,gb,6007,6787380694,,newapplications_rank,57,Nhat Sync Gambit | new_entrant=False
2026-09-01,chart_entry,gb,6007,6785003883,,newapplications_rank,58,HomeSwipe | new_entrant=False
2026-09-01,chart_entry,gb,6007,6777539164,,newapplications_rank,59,TidySpot: Home Inventory | new_entrant=False
2026-09-01,chart_entry,gb,6007,6783854806,,newapplications_rank,60,Khmer PenPal | new_entrant=False
2026-09-01,chart_entry,gb,6007,6786803983,,newapplications_rank,61,Golazo Breaker: Soccer Bricks | new_entrant=False
2026-09-01,chart_entry,gb,6007,6781108216,,newapplications_rank,62,Nuzzle – Local Dog Communities | new_entrant=False
2026-09-01,chart_entry,gb,6007,6787094058,,newapplications_rank,63,Gloam: Screen Time | new_entrant=False
2026-09-01,chart_entry,gb,6007,6761960918,,newapplications_rank,64,FairPay: Scan and Split | new_entrant=False
2026-09-01,chart_entry,gb,6007,6787367921,,newapplications_rank,65,Quick Sort: Brain Puzzle Game | new_entrant=False
2026-09-01,chart_entry,gb,6007,6786653811,,newapplications_rank,66,КимЧи Бар | Курск | new_entrant=False
2026-09-01,chart_entry,gb,6007,6786874114,,newapplications_rank,67,Empire Athletics 24/7 | new_entrant=False
2026-09-01,chart_entry,gb,6007,6787685665,,newapplications_rank,68,Blindfold Cow Stickers | new_entrant=False
2026-09-01,chart_entry,gb,6007,6788102382,,newapplications_rank,69,Balnce App | new_entrant=False
2026-09-01,chart_entry,gb,6007,6788432176,,newapplications_rank,70,TUFFCORE Fitness | new_entrant=False
2026-09-01,chart_entry,gb,6007,6787136617,,newapplications_rank,71,Viking Row | new_entrant=False
2026-09-01,chart_entry,gb,6007,6785077045,,newapplications_rank,72,Chartflow | new_entrant=False
2026-09-01,chart_entry,gb,6007,6785323264,,newapplications_rank,73,MyLocalBuddy | new_entrant=False
2026-09-01,chart_entry,gb,6007,6788110556,,newapplications_rank,74,霓虹裂隙：零号信标 | new_entrant=False
2026-09-01,chart_entry,gb,6007,6762562649,,newapplications_rank,75,GotoGo | new_entrant=False
2026-09-01,chart_entry,gb,6007,6788421393,,newapplications_rank,76,敷金・退去費用 どっち負担？チェック帳 | new_entrant=False
2026-09-01,chart_entry,gb,6007,6783265122,,newapplications_rank,77,cozyconnect | new_entrant=False
2026-09-01,chart_entry,gb,6007,6760594743,,newapplications_rank,78,Tickitat | new_entrant=False
2026-09-01,chart_entry,gb,6007,6768354401,,newapplications_rank,79,撃沈 | new_entrant=False
2026-09-01,chart_entry,gb,6007,6787165922,,newapplications_rank,80,Bara's Deli | new_entrant=False
2026-09-01,chart_entry,gb,6007,6785107322,,newapplications_rank,81,Gooya: Wedding & Events Camera | new_entrant=False
2026-09-01,chart_entry,gb,6007,6787669967,,newapplications_rank,82,小藍書 | Siulamsu | new_entrant=False
2026-09-01,chart_entry,gb,6007,6777525268,,newapplications_rank,83,Conecta Oficina | new_entrant=False
2026-09-01,chart_entry,gb,6007,6788006405,,newapplications_rank,84,Miyahead | new_entrant=False
2026-09-01,chart_entry,gb,6007,6784455673,,newapplications_rank,85,أثر | الدعاء للمتوفين | new_entrant=False
2026-09-01,chart_entry,gb,6007,6787705141,,newapplications_rank,86,清醒龙骑士 | new_entrant=False
2026-09-01,chart_entry,gb,6007,6782220605,,newapplications_rank,87,The Core Room | new_entrant=False
2026-09-01,chart_entry,gb,6007,6787436694,,newapplications_rank,88,エックス線作業主任者 試験対策｜問題集 | new_entrant=False
2026-09-01,chart_entry,gb,6007,6788507243,,newapplications_rank,89,Kimá Jewish Lunar-Solar Clock | new_entrant=False
2026-09-01,chart_entry,gb,6007,6786114311,,newapplications_rank,90,NoBounds | new_entrant=False
2026-09-01,chart_entry,gb,6007,6786301152,,newapplications_rank,91,Munch Munch: Your food score | new_entrant=False
2026-09-01,chart_entry,gb,6007,6788363284,,newapplications_rank,92,夜間点検簿：しずみ野団地 | new_entrant=False
2026-09-01,chart_entry,gb,6007,6762649751,,newapplications_rank,93,Glown | new_entrant=False
2026-09-01,chart_entry,gb,6007,6783462285,,newapplications_rank,94,F. BINSABBAR Membership | new_entrant=False
2026-09-01,chart_entry,gb,6007,6785312903,,newapplications_rank,95,Grandma Wisdom | new_entrant=False
2026-09-01,chart_entry,gb,6007,6788883822,,newapplications_rank,96,Splitto - Dela notan smidigt | new_entrant=False
2026-09-01,chart_entry,gb,6007,6774954733,,newapplications_rank,97,Qmentr | new_entrant=False
2026-09-01,chart_entry,gb,6007,6788771893,,newapplications_rank,98,Лунная Призма | new_entrant=False
2026-09-01,chart_entry,gb,6007,6786026778,,newapplications_rank,99,Moonwater | new_entrant=False
2026-09-01,chart_entry,gb,6007,6786781719,,newapplications_rank,100,Segnapunti - Giochi di Carte | new_entrant=False
2026-09-01,chart_entry,gb,6007,6787668730,,newapplications_rank,101,과제레이더 | new_entrant=False
2026-09-01,chart_entry,ae,6013,6759922886,,topfreeapplications_rank,1,GymNation | new_entrant=False
2026-09-01,chart_entry,ae,6013,1562991616,,topfreeapplications_rank,2,myAster | new_entrant=False
2026-09-01,chart_entry,ae,6013,933944389,,topfreeapplications_rank,3,WHOOP | new_entrant=False
2026-09-01,chart_entry,ae,6013,1038369065,,topfreeapplications_rank,4,Flo: Period & Cycle Health | new_entrant=False
2026-09-01,chart_entry,ae,6013,1516446052,,topfreeapplications_rank,5,Dr Nutrition | new_entrant=False
2026-09-01,chart_entry,ae,6013,426826309,,topfreeapplications_rank,6,"Strava: Run, Bike, Walk | new_entrant=False"
2026-09-01,chart_entry,ae,6013,6740115642,,topfreeapplications_rank,7,HUAWEI Health: Global | new_entrant=False
2026-09-01,chart_entry,ae,6013,1163379015,,topfreeapplications_rank,8,Emirates Health Services | new_entrant=False
2026-09-01,chart_entry,ae,6013,462638897,,topfreeapplications_rank,9,Google Health (Fitbit) | new_entrant=False
2026-09-01,chart_entry,ae,6013,436297690,,topfreeapplications_rank,10,SEHA | new_entrant=False
2026-09-01,chart_entry,ae,6013,6779910923,,topfreeapplications_rank,11,وقف | Wagiff | new_entrant=False
2026-09-01,chart_entry,ae,6013,1037595083,,topfreeapplications_rank,12,StepsApp Pedometer | new_entrant=False
2026-09-01,chart_entry,ae,6013,912947244,,topfreeapplications_rank,13,"ClassPass: Fitness, Spa, Salon | new_entrant=False"
2026-09-01,chart_entry,ae,6013,1661103386,,topfreeapplications_rank,14,anona diet | new_entrant=False
2026-09-01,chart_entry,ae,6013,6763379341,,topfreeapplications_rank,15,American Hospital Dubai | new_entrant=False
2026-09-01,chart_entry,ae,6013,6449597603,,topfreeapplications_rank,16,Pura by PureHealth | new_entrant=False
2026-09-01,chart_entry,ae,6013,341232718,,topfreeapplications_rank,17,MyFitnessPal: Calorie Counter | new_entrant=False
2026-09-01,chart_entry,ae,6013,583446403,,topfreeapplications_rank,18,Garmin Connect™ | new_entrant=False
2026-09-01,chart_entry,ae,6013,6456176249,,topfreeapplications_rank,19,Bevel: AI Health Coach | new_entrant=False
2026-09-01,chart_entry,ae,6013,916224471,,topfreeapplications_rank,20,Glofox | new_entrant=False
2026-09-01,chart_entry,ae,6013,657189652,,topfreeapplications_rank,21,Clue Period & Cycle Tracker | new_entrant=False
2026-09-01,chart_entry,ae,6013,689501356,,topfreeapplications_rank,22,Mindbody: Fitness & Wellness | new_entrant=False
2026-09-01,chart_entry,ae,6013,979101825,,topfreeapplications_rank,23,StepUp Pedometer Step Counter | new_entrant=False
2026-09-01,chart_entry,ae,6013,1562555334,,topfreeapplications_rank,24,Fitness First MENA | new_entrant=False
2026-09-01,chart_entry,ae,6013,896501514,,topfreeapplications_rank,25,Period & Cycle Tracker | new_entrant=False
2026-09-01,chart_entry,ae,6013,1462565560,,topfreeapplications_rank,26,MOHAP | new_entrant=False
2026-09-01,chart_entry,ae,6013,712286167,,topfreeapplications_rank,27,Pedometer++ | new_entrant=False
2026-09-01,chart_entry,ae,6013,1458862350,,topfreeapplications_rank,28,Hevy - Gym Tracker Workout Log | new_entrant=False
2026-09-01,chart_entry,ae,6013,6760401858,,topfreeapplications_rank,29,FitnGlam | new_entrant=False
2026-09-01,chart_entry,ae,6013,1145935738,,topfreeapplications_rank,30,Cronometer: Calorie Counter | new_entrant=False
2026-09-01,chart_entry,ae,6013,1264546236,,topfreeapplications_rank,31,BetterMe Well-Being Coach | new_entrant=False
2026-09-01,chart_entry,ae,6013,6450994700,,topfreeapplications_rank,32,Blood Pressure App-Health Body | new_entrant=False
2026-09-01,chart_entry,ae,6013,6444540177,,topfreeapplications_rank,33,Warehouse Gym | new_entrant=False
2026-09-01,chart_entry,ae,6013,666822519,,topfreeapplications_rank,34,BMI Calculator – Weight Loss | new_entrant=False
2026-09-01,chart_entry,ae,6013,976506047,,topfreeapplications_rank,35,Technogym - training & gym app | new_entrant=False
2026-09-01,chart_entry,ae,6013,6480417616,,topfreeapplications_rank,36,Cal AI - Calorie Tracker | new_entrant=False
2026-09-01,chart_entry,ae,6013,1477782599,,topfreeapplications_rank,37,Hume Health | new_entrant=False
2026-09-01,chart_entry,ae,6013,1313192037,,topfreeapplications_rank,38,Home Workout - No Equipments | new_entrant=False
2026-09-01,chart_entry,ae,6013,1316004998,,topfreeapplications_rank,39,Da Fit | new_entrant=False
2026-09-01,chart_entry,ae,6013,6744242437,,topfreeapplications_rank,40,MyHealthPass by MedNet | new_entrant=False
2026-09-01,chart_entry,ae,6013,1493500777,,topfreeapplications_rank,41,Mi Fitness (Xiaomi Wear Lite) | new_entrant=False
2026-09-01,chart_entry,ae,6013,6779495749,,topfreeapplications_rank,42,PureGym Arabia | new_entrant=False
2026-09-01,chart_entry,ae,6013,1576719848,,topfreeapplications_rank,43,Boditrax 2.0 | new_entrant=False
2026-09-01,chart_entry,ae,6013,6466098684,,topfreeapplications_rank,44,Barry's Middle East | new_entrant=False
2026-09-01,chart_entry,ae,6013,6753161422,,topfreeapplications_rank,45,Cardiora: Blood Pressure | new_entrant=False
2026-09-01,chart_entry,ae,6013,1481346033,,topfreeapplications_rank,46,Fere fit | new_entrant=False
2026-09-01,chart_entry,ae,6013,6751262332,,topfreeapplications_rank,47,Calorie Counter: Kalee | new_entrant=False
2026-09-01,chart_entry,ae,6013,1502921911,,topfreeapplications_rank,48,Housecall - زيارة منزلية | new_entrant=False
2026-09-01,chart_entry,ae,6013,971023427,,topfreeapplications_rank,49,Sweatcoin Walking Step Tracker | new_entrant=False
2026-09-01,chart_entry,ae,6013,1114387800,,topfreeapplications_rank,50,Gym Workout App & Fitness Plan | new_entrant=False
2026-09-01,chart_entry,ae,6013,6447599368,,topfreeapplications_rank,51,G Band | new_entrant=False
2026-09-01,chart_entry,ae,6013,6443740936,,topfreeapplications_rank,52,Lyfta: Gym Tracker Workout Log | new_entrant=False
2026-09-01,chart_entry,ae,6013,1497718755,,topfreeapplications_rank,53,fitze: Movement. Rewarded. | new_entrant=False
2026-09-01,chart_entry,ae,6013,951092698,,topfreeapplications_rank,54,Ruuby - At-Home Beauty | new_entrant=False
2026-09-01,chart_entry,ae,6013,6751860604,,topfreeapplications_rank,55,University Hospital Sharjah | new_entrant=False
2026-09-01,chart_entry,ae,6013,6746038834,,topfreeapplications_rank,56,Momiary: Pregnancy Tracker | new_entrant=False
2026-09-01,chart_entry,ae,6013,1489944782,,topfreeapplications_rank,57,InPulse - Heart Rate Monitor | new_entrant=False
2026-09-01,chart_entry,ae,6013,6780350627,,topfreeapplications_rank,58,Gym Tracker Plus | new_entrant=False
2026-09-01,chart_entry,ae,6013,6469593859,,topfreeapplications_rank,59,Blood Pressure App:Better me | new_entrant=False
2026-09-01,chart_entry,ae,6013,1048454034,,topfreeapplications_rank,60,Gymverse: Gym Workout Planner | new_entrant=False
2026-09-01,chart_entry,ae,6013,1028294311,,topfreeapplications_rank,61,OKOK·International | new_entrant=False
2026-09-01,chart_entry,ae,6013,1515476066,,topfreeapplications_rank,62,Valeo Health: At-home Wellness | new_entrant=False
2026-09-01,chart_entry,ae,6013,6446452995,,topfreeapplications_rank,63,Tahara - طهارة | new_entrant=False
2026-09-01,chart_entry,ae,6013,1262697756,,topfreeapplications_rank,64,MySteps - Step Counter | new_entrant=False
2026-09-01,chart_entry,ae,6013,765535549,,topfreeapplications_rank,65,Natural Cycles: Fertility App | new_entrant=False
2026-09-01,chart_entry,ae,6013,6478762529,,topfreeapplications_rank,66,Heartwell: Track Health | new_entrant=False
2026-09-01,chart_entry,ae,6013,1018786950,,topfreeapplications_rank,67,Playo - Sports Community App | new_entrant=False
2026-09-01,chart_entry,ae,6013,1580549640,,topfreeapplications_rank,68,WellFit Mind & Body | new_entrant=False
2026-09-01,chart_entry,ae,6013,6754884723,,topfreeapplications_rank,69,Baby Journey - Pregnancy Track | new_entrant=False
2026-09-01,chart_entry,ae,6013,297368629,,topfreeapplications_rank,70,Lose It! – Calorie Counter | new_entrant=False
2026-09-01,chart_entry,ae,6013,6450329545,,topfreeapplications_rank,71,AI Calorie Counter - Appediet | new_entrant=False
2026-09-01,chart_entry,ae,6013,950624032,,topfreeapplications_rank,72,حاسبة الحمل | new_entrant=False
2026-09-01,chart_entry,ae,6013,1043837948,,topfreeapplications_rank,73,Oura | new_entrant=False
2026-09-01,chart_entry,ae,6013,301521403,,topfreeapplications_rank,74,Nike Training Club | new_entrant=False
2026-09-01,chart_entry,ae,6013,6496972792,,topfreeapplications_rank,75,Fitness Time | وقت اللياقة | new_entrant=False
2026-09-01,chart_entry,ae,6013,6758851027,,topfreeapplications_rank,76,Dr. Sulaiman Alhabib | new_entrant=False
2026-09-01,chart_entry,ae,6013,387771637,,topfreeapplications_rank,77,Nike Run Club: Running Coach | new_entrant=False
2026-09-01,chart_entry,ae,6013,6477849675,,topfreeapplications_rank,78,Stompers: Walking Step Counter | new_entrant=False
2026-09-01,chart_entry,ae,6013,1452851243,,topfreeapplications_rank,79,FitCloudPro | new_entrant=False
2026-09-01,chart_entry,ae,6013,6758155679,,topfreeapplications_rank,80,Annos - Calorie Counter | new_entrant=False
2026-09-01,chart_entry,ae,6013,6757370291,,topfreeapplications_rank,81,صيامي: صيام ذكي ومتقطع | new_entrant=False
2026-09-01,chart_entry,ae,6013,1512947756,,topfreeapplications_rank,82,Wearfit Pro | new_entrant=False
2026-09-01,chart_entry,ae,6013,6747580025,,topfreeapplications_rank,83,AlSharq Health | new_entrant=False
2026-09-01,chart_entry,ae,6013,1549804021,,topfreeapplications_rank,84,Fakeeh Health | new_entrant=False
2026-09-01,chart_entry,ae,6013,1629369694,,topfreeapplications_rank,85,Kcal Meal Plans | new_entrant=False
2026-09-01,chart_entry,ae,6013,6444558471,,topfreeapplications_rank,86,myMetLife Plus | new_entrant=False
2026-09-01,chart_entry,ae,6013,1662980687,,topfreeapplications_rank,87,Baby Milestone Tracker Sprouty | new_entrant=False
2026-09-01,chart_entry,ae,6013,1357527742,,topfreeapplications_rank,88,Workout for Women: Fit at Home | new_entrant=False
2026-09-01,chart_entry,ae,6013,6448081563,,topfreeapplications_rank,89,Liftoff - Ranked Gym Workouts | new_entrant=False
2026-09-01,chart_entry,ae,6013,6474290049,,topfreeapplications_rank,90,Calorie Counter by Numify | new_entrant=False
2026-09-01,chart_entry,ae,6013,1598355340,,topfreeapplications_rank,91,Anytime Fitness App | new_entrant=False
2026-09-01,chart_entry,ae,6013,6756442718,,topfreeapplications_rank,92,Quwa Wellness | new_entrant=False
2026-09-01,chart_entry,ae,6013,1041517543,,topfreeapplications_rank,93,Fitbod Workout & Gym Planner | new_entrant=False
2026-09-01,chart_entry,ae,6013,6752468976,,topfreeapplications_rank,94,NGI Health App | new_entrant=False
2026-09-01,chart_entry,ae,6013,6754058817,,topfreeapplications_rank,95,PulseGuard Ai | new_entrant=False
2026-09-01,chart_entry,ae,6013,6747467975,,topfreeapplications_rank,96,GoTall - Height Predictor | new_entrant=False
2026-09-01,chart_entry,ae,6013,6503647102,,topfreeapplications_rank,97,Formative | new_entrant=False
2026-09-01,chart_entry,ae,6013,907081984,,topfreeapplications_rank,98,ProFit: Workout Planner | new_entrant=False
2026-09-01,chart_entry,ae,6013,1477621177,,topfreeapplications_rank,99,Star Health | new_entrant=False
2026-09-01,chart_entry,ae,6013,6458984597,,topfreeapplications_rank,100,UFC GYM ME | new_entrant=False
2026-09-01,chart_entry,ae,6013,1164801111,,toppaidapplications_rank,1,AutoSleep: Watch Sleep Tracker | new_entrant=False
2026-09-01,chart_entry,ae,6013,444714072,,toppaidapplications_rank,2,Deep Relaxation - Yoga Nidra | new_entrant=False
2026-09-01,chart_entry,ae,6013,1062745479,,toppaidapplications_rank,3,HeartWatch: Heart Rate Monitor | new_entrant=False
2026-09-01,chart_entry,ae,6013,646414918,,toppaidapplications_rank,4,RunTempo - Runners Metronome | new_entrant=False
2026-09-01,chart_entry,ae,6013,6749297170,,toppaidapplications_rank,5,Health Data AI Analyzer | new_entrant=False
2026-09-01,chart_entry,ae,6013,963034692,,toppaidapplications_rank,6,Streaks | new_entrant=False
2026-09-01,chart_entry,ae,6013,1202650514,,toppaidapplications_rank,7,HealthFit | new_entrant=False
2026-09-01,chart_entry,ae,6013,6761281378,,toppaidapplications_rank,8,Styrka - Gym Tracker | new_entrant=False
2026-09-01,chart_entry,ae,6013,459097411,,toppaidapplications_rank,9,Stark Suspension | new_entrant=False
2026-09-01,chart_entry,ae,6013,1477944755,,toppaidapplications_rank,10,Health Export CSV | new_entrant=False
2026-09-01,chart_entry,ae,6013,6802816539,,toppaidapplications_rank,11,CuriousMe | new_entrant=False
2026-09-01,chart_entry,ae,6013,6757742847,,toppaidapplications_rank,12,SafeCheck: Daily Wellness | new_entrant=False
2026-09-01,chart_entry,ae,6013,443646748,,toppaidapplications_rank,13,Fitness Buddy+ Gym Workout Log | new_entrant=False
2026-09-01,chart_entry,ae,6013,352247139,,toppaidapplications_rank,14,Calorie Counter PRO MyNetDiary | new_entrant=False
2026-09-01,chart_entry,ae,6013,379485721,,toppaidapplications_rank,15,Blood Type Diet® | new_entrant=False
2026-09-01,chart_entry,ae,6013,573916046,,toppaidapplications_rank,16,Fitness Point Pro: Home & Gym | new_entrant=False
2026-09-01,chart_entry,ae,6013,680170305,,toppaidapplications_rank,17,7 Minute Workout Challenge | new_entrant=False
2026-09-01,chart_entry,ae,6013,478610069,,toppaidapplications_rank,18,The Work App | new_entrant=False
2026-09-01,chart_entry,ae,6013,493912733,,toppaidapplications_rank,19,Adrian James: 6 Pack Abs | new_entrant=False
2026-09-01,chart_entry,ae,6013,582719476,,toppaidapplications_rank,20,Instant Fitness: Workout Trainer | new_entrant=False
2026-09-01,chart_entry,ae,6013,290231956,,toppaidapplications_rank,21,iPeriod Period Tracker + | new_entrant=False
2026-09-01,chart_entry,ae,6013,347400507,,toppaidapplications_rank,22,Pocket Yoga | new_entrant=False
2026-09-01,chart_entry,ae,6013,448474423,,toppaidapplications_rank,23,Couch to 5K® - Run training | new_entrant=False
2026-09-01,chart_entry,ae,6013,307219387,,toppaidapplications_rank,24,Brain Wave: 35 Binaural Series | new_entrant=False
2026-09-01,chart_entry,ae,6013,441079429,,toppaidapplications_rank,25,Cardiograph Classic | new_entrant=False
2026-09-01,chart_entry,ae,6013,469067434,,toppaidapplications_rank,26,Daily Workouts | new_entrant=False
2026-09-01,chart_entry,ae,6013,686923970,,toppaidapplications_rank,27,HRV4Training | new_entrant=False
2026-09-01,chart_entry,ae,6013,1044950341,,toppaidapplications_rank,28,Streaks Workout | new_entrant=False
2026-09-01,chart_entry,ae,6013,331529422,,toppaidapplications_rank,29,Relax Melodies P: Sleep Sounds | new_entrant=False
2026-09-01,chart_entry,ae,6013,914413310,,toppaidapplications_rank,30,FitPort | new_entrant=False
2026-09-01,chart_entry,ae,6013,289894882,,toppaidapplications_rank,31,White Noise | new_entrant=False
2026-09-01,chart_entry,ae,6013,687421118,,toppaidapplications_rank,32,Buddhify: Guided Meditation | new_entrant=False
2026-09-01,chart_entry,ae,6013,1241909999,,toppaidapplications_rank,33,WorkOutDoors | new_entrant=False
2026-09-01,chart_entry,ae,6013,329766980,,toppaidapplications_rank,34,Footsteps Pedometer | new_entrant=False
2026-09-01,chart_entry,ae,6013,363978811,,toppaidapplications_rank,35,Seconds Pro Interval Timer | new_entrant=False
2026-09-01,chart_entry,ae,6013,862773459,,toppaidapplications_rank,36,Noisli | new_entrant=False
2026-09-01,chart_entry,ae,6013,1578243186,,toppaidapplications_rank,37,Little Bean: Pregnancy Skin | new_entrant=False
2026-09-01,chart_entry,ae,6013,388961867,,toppaidapplications_rank,38,Sex Positions Ever(For Women) | new_entrant=False
2026-09-01,chart_entry,ae,6013,1428570992,,toppaidapplications_rank,39,Skincare Routine | new_entrant=False
2026-09-01,chart_entry,ae,6013,1179236591,,toppaidapplications_rank,40,Sleep Tracker ++ | new_entrant=False
2026-09-01,chart_entry,ae,6013,566752651,,toppaidapplications_rank,41,Rainy Mood | new_entrant=False
2026-09-01,chart_entry,ae,6013,769155678,,toppaidapplications_rank,42,CARROT Fit | new_entrant=False
2026-09-01,chart_entry,ae,6013,1210251567,,toppaidapplications_rank,43,SleepTown | new_entrant=False
2026-09-01,chart_entry,ae,6013,429135422,,toppaidapplications_rank,44,WomanLog Pro Calendar | new_entrant=False
2026-09-01,chart_entry,ae,6013,479872013,,toppaidapplications_rank,45,iGyno | new_entrant=False
2026-09-01,chart_entry,ae,6013,1221770369,,toppaidapplications_rank,46,Heart Rate Pro-Health  Monitor | new_entrant=False
2026-09-01,chart_entry,ae,6013,1526996611,,toppaidapplications_rank,47,Workout at Home or Anywhere | new_entrant=False
2026-09-01,chart_entry,ae,6013,366613488,,toppaidapplications_rank,48,Monthly Cycles | new_entrant=False
2026-09-01,chart_entry,ae,6013,575922690,,toppaidapplications_rank,49,Adrian James: Bootcamp | new_entrant=False
2026-09-01,chart_entry,ae,6013,323061162,,toppaidapplications_rank,50,Sleep Machine | new_entrant=False
2026-09-01,chart_entry,ae,6013,868403565,,toppaidapplications_rank,51,Paleo (io) | new_entrant=False
2026-09-01,chart_entry,ae,6013,419606496,,toppaidapplications_rank,52,Baby Shusher Sleep Miracle App | new_entrant=False
2026-09-01,chart_entry,ae,6013,395816966,,toppaidapplications_rank,53,Daily Ab Workout | new_entrant=False
2026-09-01,chart_entry,ae,6013,1176374647,,toppaidapplications_rank,54,HealthFace | new_entrant=False
2026-09-01,chart_entry,ae,6013,1048636063,,toppaidapplications_rank,55,Gym Guide Pro workouts | new_entrant=False
2026-09-01,chart_entry,ae,6013,1462584573,,toppaidapplications_rank,56,Schumann Resonance | new_entrant=False
2026-09-01,chart_entry,ae,6013,937793199,,toppaidapplications_rank,57,Ref Guide for Essential Oils | new_entrant=False
2026-09-01,chart_entry,ae,6013,504835984,,toppaidapplications_rank,58,Virtual Gastric Band Hypnosis | new_entrant=False
2026-09-01,chart_entry,ae,6013,1442742654,,toppaidapplications_rank,59,Sezzy Timer | new_entrant=False
2026-09-01,chart_entry,ae,6013,463705111,,toppaidapplications_rank,60,Daily Water Pro | new_entrant=False
2026-09-01,chart_entry,ae,6013,395652793,,toppaidapplications_rank,61,Interval Timer Pro | new_entrant=False
2026-09-01,chart_entry,ae,6013,954858369,,toppaidapplications_rank,62,Sync Solver - Health to Fitbit | new_entrant=False
2026-09-01,chart_entry,ae,6013,659630807,,toppaidapplications_rank,63,Adrian James: HIIT | new_entrant=False
2026-09-01,chart_entry,ae,6013,1564112103,,toppaidapplications_rank,64,Body Fat Calculator Pro | new_entrant=False
2026-09-01,chart_entry,ae,6013,337349999,,toppaidapplications_rank,65,Deep Sleep with AJ | new_entrant=False
2026-09-01,chart_entry,ae,6013,410965399,,toppaidapplications_rank,66,iSmoothRun | new_entrant=False
2026-09-01,chart_entry,ae,6013,292809726,,toppaidapplications_rank,67,iWoman: Period & Cycle | new_entrant=False
2026-09-01,chart_entry,ae,6013,571824492,,toppaidapplications_rank,68,GymGoal Pro | new_entrant=False
2026-09-01,chart_entry,ae,6013,383811730,,toppaidapplications_rank,69,"BeatBurn Treadmill Trainer - Walking, Running, and Jogging Workouts | new_entrant=False"
2026-09-01,chart_entry,ae,6013,313494823,,toppaidapplications_rank,70,Run 5k - couch to 5k program | new_entrant=False
2026-09-01,chart_entry,ae,6013,442921354,,toppaidapplications_rank,71,jog.fm - Running music at your pace | new_entrant=False
2026-09-01,chart_entry,ae,6013,408385001,,toppaidapplications_rank,72,Daily Cardio Workout | new_entrant=False
2026-09-01,chart_entry,ae,6013,879992426,,toppaidapplications_rank,73,Drink Water Reminder Pro | new_entrant=False
2026-09-01,chart_entry,ae,6013,398550057,,toppaidapplications_rank,74,Daily Butt Workout | new_entrant=False
2026-09-01,chart_entry,ae,6013,473539105,,toppaidapplications_rank,75,Workout Calendar - Motivation | new_entrant=False
2026-09-01,chart_entry,ae,6013,319043985,,toppaidapplications_rank,76,Get Running | new_entrant=False
2026-09-01,chart_entry,ae,6013,1391084560,,toppaidapplications_rank,77,Modern Essentials Plus | new_entrant=False
2026-09-01,chart_entry,ae,6013,1139439349,,toppaidapplications_rank,78,Дневник Питания - Мой Рацион! | new_entrant=False
2026-09-01,chart_entry,ae,6013,1088672024,,toppaidapplications_rank,79,Fitmeter Bike - GPS Cycling | new_entrant=False
2026-09-01,chart_entry,ae,6013,1082150954,,toppaidapplications_rank,80,Wildfulness: Meditate & Relax | new_entrant=False
2026-09-01,chart_entry,ae,6013,1517914828,,toppaidapplications_rank,81,Watch to 5K: Couch to 5km plan | new_entrant=False
2026-09-01,chart_entry,ae,6013,1055157819,,toppaidapplications_rank,82,ChangeGame - Dr. Joe Dispenza | new_entrant=False
2026-09-01,chart_entry,ae,6013,324155166,,toppaidapplications_rank,83,Navy SEAL Fitness | new_entrant=False
2026-09-01,chart_entry,ae,6013,1073473120,,toppaidapplications_rank,84,Away ~ Nature Sounds to Sleep | new_entrant=False
2026-09-01,chart_entry,ae,6013,1080655616,,toppaidapplications_rank,85,5Rhythms | new_entrant=False
2026-09-01,chart_entry,ae,6013,448200679,,toppaidapplications_rank,86,Meditation & Relax Music Pro | new_entrant=False
2026-09-01,chart_entry,ae,6013,383059827,,toppaidapplications_rank,87,Vitamins 101 | new_entrant=False
2026-09-01,chart_entry,ae,6013,341935130,,toppaidapplications_rank,88,Health through Breath - Pranayama | new_entrant=False
2026-09-01,chart_entry,ae,6013,354176883,,toppaidapplications_rank,89,Relax & Rest Guided Meditation | new_entrant=False
2026-09-01,chart_entry,ae,6013,413817190,,toppaidapplications_rank,90,Simply Yoga | new_entrant=False
2026-09-01,chart_entry,ae,6013,846205070,,toppaidapplications_rank,91,Sleep Sounds HQ: relaxing aid | new_entrant=False
2026-09-01,chart_entry,ae,6013,433571551,,toppaidapplications_rank,92,Universal Breathing - Pranayama | new_entrant=False
2026-09-01,chart_entry,ae,6013,1504221051,,toppaidapplications_rank,93,Calorie Counter - EasyFit Pro | new_entrant=False
2026-09-01,chart_entry,ae,6013,658103456,,toppaidapplications_rank,94,"Performance Stretching - Foam Roller, Static, and Dynamic Stretches | new_entrant=False"
2026-09-01,chart_entry,ae,6013,418530908,,toppaidapplications_rank,95,Bleep Test Solo | new_entrant=False
2026-09-01,chart_entry,ae,6013,6787969363,,newapplications_rank,1,Detect My Owner | new_entrant=False
2026-09-01,chart_entry,ae,6013,6783736766,,newapplications_rank,2,Trofficient Driver | new_entrant=False
2026-09-01,chart_entry,ae,6013,6785919923,,newapplications_rank,3,Hero Clash Legends | new_entrant=False
2026-09-01,chart_entry,ae,6013,6777507072,,newapplications_rank,4,XLSX Spreadsheets Editor | new_entrant=False
2026-09-01,chart_entry,ae,6013,6781580778,,newapplications_rank,5,Nota AI:Meeting Recorder | new_entrant=False
2026-09-01,chart_entry,ae,6013,6787931344,,newapplications_rank,6,ThatNote | new_entrant=False
2026-09-01,chart_entry,ae,6013,6782615705,,newapplications_rank,7,TasteProof | new_entrant=False
2026-09-01,chart_entry,ae,6013,6781000578,,newapplications_rank,8,Connectia | new_entrant=False
2026-09-01,chart_entry,ae,6013,6761742588,,newapplications_rank,9,Tap: Emotional Tapping. | new_entrant=False
2026-09-01,chart_entry,ae,6013,6785105331,,newapplications_rank,10,Shape Merge: Block Puzzle | new_entrant=False
2026-09-01,chart_entry,ae,6013,6787616849,,newapplications_rank,11,Times Tables Sticker Book | new_entrant=False
2026-09-01,chart_entry,ae,6013,6786378477,,newapplications_rank,12,Coralog | new_entrant=False
2026-09-01,chart_entry,ae,6013,6787225039,,newapplications_rank,13,Gorkeu: Terminal | new_entrant=False
2026-09-01,chart_entry,ae,6013,6785928089,,newapplications_rank,14,Shqipo - Mëso shqip Albanian | new_entrant=False
2026-09-01,chart_entry,ae,6013,6786347610,,newapplications_rank,15,Aurora: Trip Planner | new_entrant=False
2026-09-01,chart_entry,ae,6013,6786633995,,newapplications_rank,16,"Guess who, please? | new_entrant=False"
2026-09-01,chart_entry,ae,6013,6788195749,,newapplications_rank,17,One Stroke: Line Puzzle | new_entrant=False
2026-09-01,chart_entry,ae,6013,6785806442,,newapplications_rank,18,EquiCalendar | new_entrant=False
2026-09-01,chart_entry,ae,6013,6767179294,,newapplications_rank,19,YMusic Audio & Music Player | new_entrant=False
2026-09-01,chart_entry,ae,6013,6788150775,,newapplications_rank,20,Howbout - Shift Planner | new_entrant=False
2026-09-01,chart_entry,ae,6013,6780938855,,newapplications_rank,21,Olesya Aksesuar | new_entrant=False
2026-09-01,chart_entry,ae,6013,6785926361,,newapplications_rank,22,Vishnu Puran in Hindi Complete | new_entrant=False
2026-09-01,chart_entry,ae,6013,6786916384,,newapplications_rank,23,Personel365 | new_entrant=False
2026-09-01,chart_entry,ae,6013,6788195426,,newapplications_rank,24,Block Tower: Tap Stack Builder | new_entrant=False
2026-09-01,chart_entry,ae,6013,6788189659,,newapplications_rank,25,Number Touch 1to50 | new_entrant=False
2026-09-01,chart_entry,ae,6013,6788236641,,newapplications_rank,26,Sereno: Sleep & Relax | new_entrant=False
2026-09-01,chart_entry,ae,6013,6788140564,,newapplications_rank,27,Johnny's Crazy Planes | new_entrant=False
2026-09-01,chart_entry,ae,6013,6785485912,,newapplications_rank,28,Platino AI | new_entrant=False
2026-09-01,chart_entry,ae,6013,6785604875,,newapplications_rank,29,Gloow App | new_entrant=False
2026-09-01,chart_entry,ae,6013,6786560760,,newapplications_rank,30,CAT Pattern Hunt | new_entrant=False
2026-09-01,chart_entry,ae,6013,6786285346,,newapplications_rank,31,ASRAM ID Management | new_entrant=False
2026-09-01,chart_entry,ae,6013,6781536556,,newapplications_rank,32,AI Smart Lighting | new_entrant=False
2026-09-01,chart_entry,ae,6013,6769935168,,newapplications_rank,33,AudioVERT: Audio Converter | new_entrant=False
2026-09-01,chart_entry,ae,6013,6764899520,,newapplications_rank,34,Textile Trade | new_entrant=False
2026-09-01,chart_entry,ae,6013,6773333149,,newapplications_rank,35,Aftermath App | new_entrant=False
2026-09-01,chart_entry,ae,6013,6786710299,,newapplications_rank,36,Agistly | new_entrant=False
2026-09-01,chart_entry,ae,6013,6778637938,,newapplications_rank,37,AI Health Care Guide | new_entrant=False
2026-09-01,chart_entry,ae,6013,6760964608,,newapplications_rank,38,AI Meal Buddy | new_entrant=False
2026-09-01,chart_entry,ae,6013,6784687273,,newapplications_rank,39,AL YAWM School | new_entrant=False
2026-09-01,chart_entry,ae,6013,6788319161,,newapplications_rank,40,Anchor: Routines for ADHD | new_entrant=False
2026-09-01,chart_entry,ae,6013,6778371124,,newapplications_rank,41,Ant Manager | new_entrant=False
2026-09-01,chart_entry,ae,6013,6785261144,,newapplications_rank,42,ApexGrid | new_entrant=False
2026-09-01,chart_entry,ae,6013,6786672473,,newapplications_rank,43,AudioGarden | new_entrant=False
2026-09-01,chart_entry,ae,6013,6784551284,,newapplications_rank,44,Autologix Ride | new_entrant=False
2026-09-01,chart_entry,ae,6013,6772642473,,newapplications_rank,45,Be-cuzz: Learn Vietnamese | new_entrant=False
2026-09-01,chart_entry,ae,6013,6785114556,,newapplications_rank,46,Belegio | new_entrant=False
2026-09-01,chart_entry,ae,6013,6781637474,,newapplications_rank,47,Bleep OnCall | new_entrant=False
2026-09-01,chart_entry,ae,6013,6785354015,,newapplications_rank,48,BlockSeeker | new_entrant=False
2026-09-01,chart_entry,ae,6013,6761910078,,newapplications_rank,49,BOWO.fi | new_entrant=False
2026-09-01,chart_entry,ae,6013,6786246885,,newapplications_rank,50,CanaCanOl | new_entrant=False
2026-09-01,chart_entry,ae,6013,6776157131,,newapplications_rank,51,CARFACE My Car Widgets App | new_entrant=False
2026-09-01,chart_entry,ae,6013,6780785446,,newapplications_rank,52,Category Bubbles | new_entrant=False
2026-09-01,chart_entry,ae,6013,6787888185,,newapplications_rank,53,CepteZikir | new_entrant=False
2026-09-01,chart_entry,ae,6013,6758542797,,newapplications_rank,54,Coffee Rider | new_entrant=False
2026-09-01,chart_entry,ae,6013,6785559193,,newapplications_rank,55,Colorimeter: Live Color Picker | new_entrant=False
2026-09-01,chart_entry,ae,6013,6786641971,,newapplications_rank,56,CopyBox - Copy & Paste | new_entrant=False
2026-09-01,chart_entry,ae,6013,6786754746,,newapplications_rank,57,CP - Pasajeros | new_entrant=False
2026-09-01,chart_entry,ae,6013,6786689891,,newapplications_rank,58,Crack D Code | new_entrant=False
2026-09-01,chart_entry,ae,6013,6784971729,,newapplications_rank,59,CronPing | new_entrant=False
2026-09-01,chart_entry,ae,6013,6786193427,,newapplications_rank,60,DDM Market | new_entrant=False
2026-09-01,chart_entry,ae,6013,6783883225,,newapplications_rank,61,Docksy: Macro Deck | new_entrant=False
2026-09-01,chart_entry,ae,6013,6784992704,,newapplications_rank,62,DomiCarta | new_entrant=False
2026-09-01,chart_entry,ae,6013,6784683387,,newapplications_rank,63,Drop Peak | new_entrant=False
2026-09-01,chart_entry,ae,6013,6786311669,,newapplications_rank,64,Dwellora: AI Home Design | new_entrant=False
2026-09-01,chart_entry,ae,6013,6770763729,,newapplications_rank,65,EDIWEY | new_entrant=False
2026-09-01,chart_entry,ae,6013,6783993048,,newapplications_rank,66,ErkläreKurz | new_entrant=False
2026-09-01,chart_entry,ae,6013,6782899423,,newapplications_rank,67,Essay E-Station | new_entrant=False
2026-09-01,chart_entry,ae,6013,6786178701,,newapplications_rank,68,Find My 365: Family Locator | new_entrant=False
2026-09-01,chart_entry,ae,6013,6761006510,,newapplications_rank,69,First-Responders ZA | new_entrant=False
2026-09-01,chart_entry,ae,6013,6783407576,,newapplications_rank,70,FORM | new_entrant=False
2026-09-01,chart_entry,ae,6013,6786731466,,newapplications_rank,71,Framely - Extract Frames | new_entrant=False
2026-09-01,chart_entry,ae,6013,6785122458,,newapplications_rank,72,French Drain Planner | new_entrant=False
2026-09-01,chart_entry,ae,6013,6782061457,,newapplications_rank,73,Frog Catch | new_entrant=False
2026-09-01,chart_entry,ae,6013,6787502596,,newapplications_rank,74,GenAI Leader合格ドリル | new_entrant=False
2026-09-01,chart_entry,ae,6013,6786695217,,newapplications_rank,75,GHARPOCH | new_entrant=False
2026-09-01,chart_entry,ae,6013,6767038385,,newapplications_rank,76,GigRide | new_entrant=False
2026-09-01,chart_entry,ae,6013,6757811396,,newapplications_rank,77,Golden Lap | new_entrant=False
2026-09-01,chart_entry,ae,6013,6773596118,,newapplications_rank,78,Gold Tracker & Zakat | new_entrant=False
2026-09-01,chart_entry,ae,6013,6786360721,,newapplications_rank,79,Grace Community Church FL | new_entrant=False
2026-09-01,chart_entry,ae,6013,6786681866,,newapplications_rank,80,Guitar Chords Trainer | new_entrant=False
2026-09-01,chart_entry,ae,6013,6786656228,,newapplications_rank,81,Gurukul - Mota Samadhiyala | new_entrant=False
2026-09-01,chart_entry,ae,6013,6782853700,,newapplications_rank,82,Hanzi Daily | new_entrant=False
2026-09-01,chart_entry,ae,6013,6786708738,,newapplications_rank,83,Hodaan | new_entrant=False
2026-09-01,chart_entry,ae,6013,6785531780,,newapplications_rank,84,Horsy Delivery Driver | new_entrant=False
2026-09-01,chart_entry,ae,6013,6786386002,,newapplications_rank,85,Hostel Track | new_entrant=False
2026-09-01,chart_entry,ae,6013,6780774159,,newapplications_rank,86,Infra Resilience 360° | new_entrant=False
2026-09-01,chart_entry,ae,6013,6778979486,,newapplications_rank,87,Inkitt Ironblood | new_entrant=False
2026-09-01,chart_entry,ae,6013,6786682891,,newapplications_rank,88,IOWah Pedal: AUv3 Plugin | new_entrant=False
2026-09-01,chart_entry,ae,6013,6761174893,,newapplications_rank,89,iPuppet | new_entrant=False
2026-09-01,chart_entry,ae,6013,6781565661,,newapplications_rank,90,KARTHIK IAS ACADEMY | new_entrant=False
2026-09-01,chart_entry,ae,6013,6778919267,,newapplications_rank,91,Keystead | new_entrant=False
2026-09-01,chart_entry,ae,6013,6787910769,,newapplications_rank,92,Knot Off | new_entrant=False
2026-09-01,chart_entry,ae,6013,6785522740,,newapplications_rank,93,Lector TrackAgro | new_entrant=False
2026-09-01,chart_entry,ae,6013,6772027111,,newapplications_rank,94,LexiDeck Word Card Game | new_entrant=False
2026-09-01,chart_entry,ae,6013,6754325916,,newapplications_rank,95,LineUp_Client | new_entrant=False
2026-09-01,chart_entry,ae,6013,6782489899,,newapplications_rank,96,Lineup Hub | new_entrant=False
2026-09-01,chart_entry,ae,6013,6786275844,,newapplications_rank,97,Live Echo Mic : Voice Effects | new_entrant=False
2026-09-01,chart_entry,ae,6013,6762963639,,newapplications_rank,98,Logistiq Seller App | new_entrant=False
2026-09-01,chart_entry,ae,6013,6788535663,,newapplications_rank,99,LookoutCurved | new_entrant=False
2026-09-01,chart_entry,ae,6013,6772440197,,newapplications_rank,100,MedX Care | new_entrant=False
2026-09-01,chart_entry,ae,6013,6781707098,,newapplications_rank,101,Melody Ringtones Maker Garage | new_entrant=False
2026-09-01,chart_entry,ae,6013,6786683644,,newapplications_rank,102,Merge Grove | new_entrant=False
2026-09-01,chart_entry,ae,6007,6448311069,,topfreeapplications_rank,1,ChatGPT | new_entrant=False
2026-09-01,chart_entry,ae,6007,6477489729,,topfreeapplications_rank,2,Google Gemini | new_entrant=False
2026-09-01,chart_entry,ae,6007,6473753684,,topfreeapplications_rank,3,Claude by Anthropic | new_entrant=False
2026-09-01,chart_entry,ae,6007,983156458,,topfreeapplications_rank,4,Microsoft Authenticator | new_entrant=False
2026-09-01,chart_entry,ae,6007,422689480,,topfreeapplications_rank,5,Gmail - Email by Google | new_entrant=False
2026-09-01,chart_entry,ae,6007,6657993734,,topfreeapplications_rank,6,Parkin | new_entrant=False
2026-09-01,chart_entry,ae,6007,951937596,,topfreeapplications_rank,7,Microsoft Outlook | new_entrant=False
2026-09-01,chart_entry,ae,6007,1374301965,,topfreeapplications_rank,8,UAEICP | new_entrant=False
2026-09-01,chart_entry,ae,6007,768665731,,topfreeapplications_rank,9,MOI UAE | new_entrant=False
2026-09-01,chart_entry,ae,6007,1250312807,,topfreeapplications_rank,10,X-VPN: VPN Fast & Secure | new_entrant=False
2026-09-01,chart_entry,ae,6007,1370293473,,topfreeapplications_rank,11,VPN - Super Unlimited Proxy ™ | new_entrant=False
2026-09-01,chart_entry,ae,6007,384374316,,topfreeapplications_rank,12,Dubai Police - شرطة دبي | new_entrant=False
2026-09-01,chart_entry,ae,6007,1558240027,,topfreeapplications_rank,13,Meta AI | new_entrant=False
2026-09-01,chart_entry,ae,6007,388627783,,topfreeapplications_rank,14,CamScanner - PDF Scanner App | new_entrant=False
2026-09-01,chart_entry,ae,6007,1025707485,,topfreeapplications_rank,15,VPN Proxy Master - Unlimited | new_entrant=False
2026-09-01,chart_entry,ae,6007,1365309175,,topfreeapplications_rank,16,Turbo VPN Private Browser | new_entrant=False
2026-09-01,chart_entry,ae,6007,507874739,,topfreeapplications_rank,17,Google Drive – online backup | new_entrant=False
2026-09-01,chart_entry,ae,6007,6739967681,,topfreeapplications_rank,18,محمية زمول مرغم | new_entrant=False
2026-09-01,chart_entry,ae,6007,6670324846,,topfreeapplications_rank,19,Grok - AI Assistant | new_entrant=False
2026-09-01,chart_entry,ae,6007,1509453185,,topfreeapplications_rank,20,TeraBox: 1TB Cloud & AI Space | new_entrant=False
2026-09-01,chart_entry,ae,6007,586683407,,topfreeapplications_rank,21,Microsoft Excel | new_entrant=False
2026-09-01,chart_entry,ae,6007,586447913,,topfreeapplications_rank,22,Microsoft Word | new_entrant=False
2026-09-01,chart_entry,ae,6007,842849113,,topfreeapplications_rank,23,Google Sheets | new_entrant=False
2026-09-01,chart_entry,ae,6007,1528940523,,topfreeapplications_rank,24,VPN - Fast VPN Super ™ | new_entrant=False
2026-09-01,chart_entry,ae,6007,725215120,,topfreeapplications_rank,25,"SHAREit: Transfer, Share Files | new_entrant=False"
2026-09-01,chart_entry,ae,6007,842842640,,topfreeapplications_rank,26,Google Docs | new_entrant=False
2026-09-01,chart_entry,ae,6007,6802613256,,topfreeapplications_rank,27,صوتك وصل | new_entrant=False
2026-09-01,chart_entry,ae,6007,541164041,,topfreeapplications_rank,28,Microsoft Copilot | new_entrant=False
2026-09-01,chart_entry,ae,6007,6443686328,,topfreeapplications_rank,29,Link to Windows | new_entrant=False
2026-09-01,chart_entry,ae,6007,6768542034,,topfreeapplications_rank,30,Compass AI+ | new_entrant=False
2026-09-01,chart_entry,ae,6007,909319292,,topfreeapplications_rank,31,Google Calendar: Get Organised | new_entrant=False
2026-09-01,chart_entry,ae,6007,6782631621,,topfreeapplications_rank,32,Lotus VPN - Private Browser | new_entrant=False
2026-09-01,chart_entry,ae,6007,469284907,,topfreeapplications_rank,33,HP | new_entrant=False
2026-09-01,chart_entry,ae,6007,6755138946,,topfreeapplications_rank,34,MOFA SY | new_entrant=False
2026-09-01,chart_entry,ae,6007,6740909540,,topfreeapplications_rank,35,Manus - AI Agent & Automation | new_entrant=False
2026-09-01,chart_entry,ae,6007,6793790357,,topfreeapplications_rank,36,Who - ID Face Search | new_entrant=False
2026-09-01,chart_entry,ae,6007,6737527615,,topfreeapplications_rank,37,Gemini Notebook | new_entrant=False
2026-09-01,chart_entry,ae,6007,583009522,,topfreeapplications_rank,38,CyberGhost: Safe & Private VPN | new_entrant=False
2026-09-01,chart_entry,ae,6007,1569379048,,topfreeapplications_rank,39,WeTransfer: Transfer Files | new_entrant=False
2026-09-01,chart_entry,ae,6007,477537958,,topfreeapplications_rank,40,Microsoft OneDrive | new_entrant=False
2026-09-01,chart_entry,ae,6007,6480253221,,topfreeapplications_rank,41,Authenticator Ⓡ App | new_entrant=False
2026-09-01,chart_entry,ae,6007,443369807,,topfreeapplications_rank,42,VPN Hotspot Shield: VPN Proxy | new_entrant=False
2026-09-01,chart_entry,ae,6007,6737597349,,topfreeapplications_rank,43,DeepSeek - AI Assistant | new_entrant=False
2026-09-01,chart_entry,ae,6007,1074964262,,topfreeapplications_rank,44,MyJio: For Everything Jio | new_entrant=False
2026-09-01,chart_entry,ae,6007,586449534,,topfreeapplications_rank,45,Microsoft PowerPoint | new_entrant=False
2026-09-01,chart_entry,ae,6007,1669007652,,topfreeapplications_rank,46,AI Chatbot - Nova | new_entrant=False
2026-09-01,chart_entry,ae,6007,1391782046,,topfreeapplications_rank,47,Surfshark VPN: Fast & Secure | new_entrant=False
2026-09-01,chart_entry,ae,6007,6763249066,,topfreeapplications_rank,48,Jotun Join | new_entrant=False
2026-09-01,chart_entry,ae,6007,6447682225,,topfreeapplications_rank,49,eGovPH | new_entrant=False
2026-09-01,chart_entry,ae,6007,1668000334,,topfreeapplications_rank,50,Perplexity - AI Search & Chat | new_entrant=False
2026-09-01,chart_entry,ae,6007,6745890037,,topfreeapplications_rank,51,Super Fast VPN・Unlimited Proxy | new_entrant=False
2026-09-01,chart_entry,ae,6007,577586159,,topfreeapplications_rank,52,Yahoo Mail - Organised Email | new_entrant=False
2026-09-01,chart_entry,ae,6007,1232780281,,topfreeapplications_rank,53,"Notion: notes, tasks, AI | new_entrant=False"
2026-09-01,chart_entry,ae,6007,6758373190,,topfreeapplications_rank,54,PDF Converter - OCR Reader | new_entrant=False
2026-09-01,chart_entry,ae,6007,6794501026,,topfreeapplications_rank,55,Grok Bot | new_entrant=False
2026-09-01,chart_entry,ae,6007,1282216562,,topfreeapplications_rank,56,VPN - Fast VPN Proxy | new_entrant=False
2026-09-01,chart_entry,ae,6007,979481467,,topfreeapplications_rank,57,Ajman Police | new_entrant=False
2026-09-01,chart_entry,ae,6007,6474233312,,topfreeapplications_rank,58,Kimi - Kimi K3 is Live | new_entrant=False
2026-09-01,chart_entry,ae,6007,364901807,,topfreeapplications_rank,59,Documents: File Manager & Docs | new_entrant=False
2026-09-01,chart_entry,ae,6007,1359104615,,topfreeapplications_rank,60,NIIMBOT | new_entrant=False
2026-09-01,chart_entry,ae,6007,6741363138,,topfreeapplications_rank,61,Genora AI – Chat Bot Assistant | new_entrant=False
2026-09-01,chart_entry,ae,6007,1328783123,,topfreeapplications_rank,62,VPN Securefield Private Proxy | new_entrant=False
2026-09-01,chart_entry,ae,6007,1366502697,,topfreeapplications_rank,63,Bolt Browser and Documents | new_entrant=False
2026-09-01,chart_entry,ae,6007,1358107315,,topfreeapplications_rank,64,Ringtones Maker - the ring app | new_entrant=False
2026-09-01,chart_entry,ae,6007,1420374639,,topfreeapplications_rank,65,"Guru VPN: Fast, Secure Proxy | new_entrant=False"
2026-09-01,chart_entry,ae,6007,1491101673,,topfreeapplications_rank,66,"WPS Office-AI Doc, PDF, Sheet | new_entrant=False"
2026-09-01,chart_entry,ae,6007,1129435228,,topfreeapplications_rank,67,VPN Windscribe: Fast & Secure | new_entrant=False
2026-09-01,chart_entry,ae,6007,1457872372,,topfreeapplications_rank,68,"Lantern: Fast, Secure VPN | new_entrant=False"
2026-09-01,chart_entry,ae,6007,6758896052,,topfreeapplications_rank,69,الهوية الرقمية | new_entrant=False
2026-09-01,chart_entry,ae,6007,1475531051,,topfreeapplications_rank,70,Ridmik Keyboard | new_entrant=False
2026-09-01,chart_entry,ae,6007,1451784328,,topfreeapplications_rank,71,Google One | new_entrant=False
2026-09-01,chart_entry,ae,6007,327630330,,topfreeapplications_rank,72,Dropbox: Cloud File Storage | new_entrant=False
2026-09-01,chart_entry,ae,6007,1658377526,,topfreeapplications_rank,73,Chatbot AI Assistant - Genie | new_entrant=False
2026-09-01,chart_entry,ae,6007,1523682319,,topfreeapplications_rank,74,Widgetsmith | new_entrant=False
2026-09-01,chart_entry,ae,6007,6802859316,,topfreeapplications_rank,75,محوّل PDF | new_entrant=False
2026-09-01,chart_entry,ae,6007,6451431247,,topfreeapplications_rank,76,Dola: Smart AI Assistant | new_entrant=False
2026-09-01,chart_entry,ae,6007,6737697613,,topfreeapplications_rank,77,VPN – fast VPN for privacy | new_entrant=False
2026-09-01,chart_entry,ae,6007,1512178806,,topfreeapplications_rank,78,مصر الرقمية | new_entrant=False
2026-09-01,chart_entry,ae,6007,946659216,,topfreeapplications_rank,79,Betternet VPN: Fast Secure VPN | new_entrant=False
2026-09-01,chart_entry,ae,6007,6788222857,,topfreeapplications_rank,80,Mononote: One Note | new_entrant=False
2026-09-01,chart_entry,ae,6007,6473046576,,topfreeapplications_rank,81,VPN FREE Fast Unlimited Proxy | new_entrant=False
2026-09-01,chart_entry,ae,6007,1207332399,,topfreeapplications_rank,82,iLovePDF - PDF Editor & Scan | new_entrant=False
2026-09-01,chart_entry,ae,6007,6503696206,,topfreeapplications_rank,83,Chat & Ask Anything – Ocean AI | new_entrant=False
2026-09-01,chart_entry,ae,6007,1555476596,,topfreeapplications_rank,84,Maaman Parent | new_entrant=False
2026-09-01,chart_entry,ae,6007,1004966456,,topfreeapplications_rank,85,Absher | أبشر | new_entrant=False
2026-09-01,chart_entry,ae,6007,1495277812,,topfreeapplications_rank,86,Speedy Quark VPN - VPN Proxy | new_entrant=False
2026-09-01,chart_entry,ae,6007,1615422104,,topfreeapplications_rank,87,WireVPN - Fast VPN Proxy | new_entrant=False
2026-09-01,chart_entry,ae,6007,1613539452,,topfreeapplications_rank,88,Tawakkalna | new_entrant=False
2026-09-01,chart_entry,ae,6007,6746163922,,topfreeapplications_rank,89,Superchat - AI Life Assistant | new_entrant=False
2026-09-01,chart_entry,ae,6007,1483965969,,topfreeapplications_rank,90,"Kiwi VPN Ultimate, VPN Private | new_entrant=False"
2026-09-01,chart_entry,ae,6007,1662188522,,topfreeapplications_rank,91,Big Yellow Bus Pro | new_entrant=False
2026-09-01,chart_entry,ae,6007,1597239701,,topfreeapplications_rank,92,Image to PDF Converter & Edit | new_entrant=False
2026-09-01,chart_entry,ae,6007,6497229487,,topfreeapplications_rank,93,Wispr Flow: AI Voice Keyboard | new_entrant=False
2026-09-01,chart_entry,ae,6007,879478102,,topfreeapplications_rank,94,Google Slides | new_entrant=False
2026-09-01,chart_entry,ae,6007,1029207872,,topfreeapplications_rank,95,Google Keep - Notes and lists | new_entrant=False
2026-09-01,chart_entry,ae,6007,1586861768,,topfreeapplications_rank,96,Zeely: AI Marketing Platform | new_entrant=False
2026-09-01,chart_entry,ae,6007,6469776721,,topfreeapplications_rank,97,Translator-OneTrans | new_entrant=False
2026-09-01,chart_entry,ae,6007,6759581694,,topfreeapplications_rank,98,ChatGPT for Intune | new_entrant=False
2026-09-01,chart_entry,ae,6007,6738342400,,toppaidapplications_rank,1,Tampermonkey | new_entrant=False
2026-09-01,chart_entry,ae,6007,390017969,,toppaidapplications_rank,2,Due - Reminders & Timers | new_entrant=False
2026-09-01,chart_entry,ae,6007,6792722747,,toppaidapplications_rank,3,View Later | new_entrant=False
2026-09-01,chart_entry,ae,6007,1661537823,,toppaidapplications_rank,4,Zipym Pro | new_entrant=False
2026-09-01,chart_entry,ae,6007,888452786,,toppaidapplications_rank,5,Abudhabi Park  مواقف أبوظبي | new_entrant=False
2026-09-01,chart_entry,ae,6007,6447090616,,toppaidapplications_rank,6,Whisper Notes - Speech to Text | new_entrant=False
2026-09-01,chart_entry,ae,6007,6749840287,,toppaidapplications_rank,7,Conduit: Open WebUI & AI | new_entrant=False
2026-09-01,chart_entry,ae,6007,904237743,,toppaidapplications_rank,8,Things 3 | new_entrant=False
2026-09-01,chart_entry,ae,6007,1126527207,,toppaidapplications_rank,9,CalliPro محترف الخط | new_entrant=False
2026-09-01,chart_entry,ae,6007,1534549323,,toppaidapplications_rank,10,Pilot ToolBox | new_entrant=False
2026-09-01,chart_entry,ae,6007,6753172187,,toppaidapplications_rank,11,I Need That Widget: Calendar | new_entrant=False
2026-09-01,chart_entry,ae,6007,378503081,,toppaidapplications_rank,12,Groundwire: VoIP SIP Softphone | new_entrant=False
2026-09-01,chart_entry,ae,6007,539357457,,toppaidapplications_rank,13,UAE Park مواقف الإمارات | new_entrant=False
2026-09-01,chart_entry,ae,6007,466388978,,toppaidapplications_rank,14,My Contacts Backup Pro | new_entrant=False
2026-09-01,chart_entry,ae,6007,388624839,,toppaidapplications_rank,15,CamScanner + | PDF Scanner | new_entrant=False
2026-09-01,chart_entry,ae,6007,311349103,,toppaidapplications_rank,16,Tips & Tricks Pro - for iPhone | new_entrant=False
2026-09-01,chart_entry,ae,6007,336683524,,toppaidapplications_rank,17,iFiles | new_entrant=False
2026-09-01,chart_entry,ae,6007,625477515,,toppaidapplications_rank,18,Fast Flash -Browser and Player | new_entrant=False
2026-09-01,chart_entry,ae,6007,777310222,,toppaidapplications_rank,19,GoodReader PDF Editor & Viewer | new_entrant=False
2026-09-01,chart_entry,ae,6007,889928809,,toppaidapplications_rank,20,Sharjah Park  مواقف الشارقة | new_entrant=False
2026-09-01,chart_entry,ae,6007,314192799,,toppaidapplications_rank,21,Acrobits Softphone | new_entrant=False
2026-09-01,chart_entry,ae,6007,1126314052,,toppaidapplications_rank,22,SHAREit Pro | new_entrant=False
2026-09-01,chart_entry,ae,6007,325962257,,toppaidapplications_rank,23,My Measures PRO + AR Measure | new_entrant=False
2026-09-01,chart_entry,ae,6007,680169170,,toppaidapplications_rank,24,Contact Cleaner & Merge | new_entrant=False
2026-09-01,chart_entry,ae,6007,903019028,,toppaidapplications_rank,25,Keyplan 3D - Home design | new_entrant=False
2026-09-01,chart_entry,ae,6007,415038787,,toppaidapplications_rank,26,Photo Measures | new_entrant=False
2026-09-01,chart_entry,ae,6007,1085978097,,toppaidapplications_rank,27,Pythonista 3 | new_entrant=False
2026-09-01,chart_entry,ae,6007,430234732,,toppaidapplications_rank,28,Site Audit Pro | new_entrant=False
2026-09-01,chart_entry,ae,6007,794829634,,toppaidapplications_rank,29,"DownloadMate - Music, Video, File Downloader & Manager | new_entrant=False"
2026-09-01,chart_entry,ae,6007,313005710,,toppaidapplications_rank,30,Documents Pro | new_entrant=False
2026-09-01,chart_entry,ae,6007,1527022381,,toppaidapplications_rank,31,Speeche Pro - Voice Dictation | new_entrant=False
2026-09-01,chart_entry,ae,6007,301656026,,toppaidapplications_rank,32,Print n Share | new_entrant=False
2026-09-01,chart_entry,ae,6007,787863350,,toppaidapplications_rank,33,Zoiper Premium voip soft phone | new_entrant=False
2026-09-01,chart_entry,ae,6007,948216105,,toppaidapplications_rank,34,"My Scans PRO, pdf scanner app | new_entrant=False"
2026-09-01,chart_entry,ae,6007,740660941,,toppaidapplications_rank,35,"3D Animated Emoji PRO + Emoticons - SMS,MMS,WhatsApp Smileys Animoticons Stickers | new_entrant=False"
2026-09-01,chart_entry,ae,6007,480102733,,toppaidapplications_rank,36,Awesome Calendar | new_entrant=False
2026-09-01,chart_entry,ae,6007,455190486,,toppaidapplications_rank,37,oneSafe password manager | new_entrant=False
2026-09-01,chart_entry,ae,6007,1304488725,,toppaidapplications_rank,38,MyScript Calculator | new_entrant=False
2026-09-01,chart_entry,ae,6007,284979163,,toppaidapplications_rank,39,iSilo | new_entrant=False
2026-09-01,chart_entry,ae,6007,453325610,,toppaidapplications_rank,40,Hide my phone number | new_entrant=False
2026-09-01,chart_entry,ae,6007,623690732,,toppaidapplications_rank,41,Calzy | new_entrant=False
2026-09-01,chart_entry,ae,6007,6449003064,,toppaidapplications_rank,42,Goblin Tools | new_entrant=False
2026-09-01,chart_entry,ae,6007,352000376,,toppaidapplications_rank,43,Shift Worker | new_entrant=False
2026-09-01,chart_entry,ae,6007,398401842,,toppaidapplications_rank,44,Printing for iPhone | new_entrant=False
2026-09-01,chart_entry,ae,6007,568266312,,toppaidapplications_rank,45,Password Manager- | new_entrant=False
2026-09-01,chart_entry,ae,6007,1602403259,,toppaidapplications_rank,46,Webmail App: IMAP Email Client | new_entrant=False
2026-09-01,chart_entry,ae,6007,1269010857,,toppaidapplications_rank,47,Magic Call Pro: AI Voices | new_entrant=False
2026-09-01,chart_entry,ae,6007,484001216,,toppaidapplications_rank,48,SuperNote Notes Recorder+Photo | new_entrant=False
2026-09-01,chart_entry,ae,6007,972387337,,toppaidapplications_rank,49,Scrivener | new_entrant=False
2026-09-01,chart_entry,ae,6007,513188658,,toppaidapplications_rank,50,Polaris Office Mobile | new_entrant=False
2026-09-01,chart_entry,ae,6007,410824816,,toppaidapplications_rank,51,Password Manager iPassSafe . | new_entrant=False
2026-09-01,chart_entry,ae,6007,1046592104,,toppaidapplications_rank,52,Pipedata-Plus | new_entrant=False
2026-09-01,chart_entry,ae,6007,1201419241,,toppaidapplications_rank,53,Bullet Journal Companion | new_entrant=False
2026-09-01,chart_entry,ae,6007,1050198849,,toppaidapplications_rank,54,حاسبة التركس Trix Calculator | new_entrant=False
2026-09-01,chart_entry,ae,6007,520231936,,toppaidapplications_rank,55,eDrawings | new_entrant=False
2026-09-01,chart_entry,ae,6007,343133982,,toppaidapplications_rank,56,Project Planner - Gantt app | new_entrant=False
2026-09-01,chart_entry,ae,6007,686378579,,toppaidapplications_rank,57,Contacts Sync Pro | new_entrant=False
2026-09-01,chart_entry,ae,6007,374151636,,toppaidapplications_rank,58,Popplet | new_entrant=False
2026-09-01,chart_entry,ae,6007,591840203,,toppaidapplications_rank,59,CARROT To-Do | new_entrant=False
2026-09-01,chart_entry,ae,6007,560750783,,toppaidapplications_rank,60,Amount - Unit Converter | new_entrant=False
2026-09-01,chart_entry,ae,6007,1470799776,,toppaidapplications_rank,61,DRC - Diamond Rate Calc | new_entrant=False
2026-09-01,chart_entry,ae,6007,383359044,,toppaidapplications_rank,62,iCircuit | new_entrant=False
2026-09-01,chart_entry,ae,6007,952813813,,toppaidapplications_rank,63,oneSafe+ password manager | new_entrant=False
2026-09-01,chart_entry,ae,6007,728530482,,toppaidapplications_rank,64,House Design Pro | new_entrant=False
2026-09-01,chart_entry,ae,6007,1030156203,,toppaidapplications_rank,65,Purify: Block Ads and Tracking | new_entrant=False
2026-09-01,chart_entry,ae,6007,582793399,,toppaidapplications_rank,66,Rocket Video Cast | new_entrant=False
2026-09-01,chart_entry,ae,6007,1104795347,,toppaidapplications_rank,67,iFiles 2 | new_entrant=False
2026-09-01,chart_entry,ae,6007,876356250,,toppaidapplications_rank,68,AirBrowser - AirPlay browser | new_entrant=False
2026-09-01,chart_entry,ae,6007,6480082872,,toppaidapplications_rank,69,Dumbify | new_entrant=False
2026-09-01,chart_entry,ae,6007,953426154,,toppaidapplications_rank,70,Be Focused Pro- Pomodoro Timer | new_entrant=False
2026-09-01,chart_entry,ae,6007,1328806990,,toppaidapplications_rank,71,Bear Focus Timer: Work & Study | new_entrant=False
2026-09-01,chart_entry,ae,6007,505904421,,toppaidapplications_rank,72,AirDisk Pro: Photo Transfer | new_entrant=False
2026-09-01,chart_entry,ae,6007,775737172,,toppaidapplications_rank,73,iA Writer | new_entrant=False
2026-09-01,chart_entry,ae,6007,615328054,,toppaidapplications_rank,74,Planit2d | new_entrant=False
2026-09-01,chart_entry,ae,6007,378174507,,toppaidapplications_rank,75,SimpleMind Pro - Mind Mapping | new_entrant=False
2026-09-01,chart_entry,ae,6007,354015291,,toppaidapplications_rank,76,abcNotes Full Version | new_entrant=False
2026-09-01,chart_entry,ae,6007,327767743,,toppaidapplications_rank,77,Awaken | new_entrant=False
2026-09-01,chart_entry,ae,6007,1037960018,,toppaidapplications_rank,78,Graphic for iPhone | new_entrant=False
2026-09-01,chart_entry,ae,6007,515197396,,toppaidapplications_rank,79,Reminder & Countdown Pro | new_entrant=False
2026-09-01,chart_entry,ae,6007,1257185111,,toppaidapplications_rank,80,Mil Fuel Check | new_entrant=False
2026-09-01,chart_entry,ae,6007,492076105,,toppaidapplications_rank,81,iCalendar | new_entrant=False
2026-09-01,chart_entry,ae,6007,323373347,,toppaidapplications_rank,82,Password Manager Data Vault | new_entrant=False
2026-09-01,chart_entry,ae,6007,417600877,,toppaidapplications_rank,83,Priorities | new_entrant=False
2026-09-01,chart_entry,ae,6007,338578109,,toppaidapplications_rank,84,Mental Note ๛ | new_entrant=False
2026-09-01,chart_entry,ae,6007,1005212883,,toppaidapplications_rank,85,Split Screen AI Multitasking | new_entrant=False
2026-09-01,chart_entry,ae,6007,515859445,,toppaidapplications_rank,86,Little Crane World Editor | new_entrant=False
2026-09-01,chart_entry,ae,6007,490243961,,toppaidapplications_rank,87,Group SMS with Delivery Report | new_entrant=False
2026-09-01,chart_entry,ae,6007,369859228,,toppaidapplications_rank,88,Tips & Tricks Pro - for iPad | new_entrant=False
2026-09-01,chart_entry,ae,6007,576226036,,toppaidapplications_rank,89,Braintoss | new_entrant=False
2026-09-01,chart_entry,ae,6007,796959534,,toppaidapplications_rank,90,Nintype | new_entrant=False
2026-09-01,chart_entry,ae,6007,506632088,,toppaidapplications_rank,91,Orderly Check Lists | new_entrant=False
2026-09-01,chart_entry,ae,6007,339158729,,toppaidapplications_rank,92,Electronic Toolbox Pro | new_entrant=False
2026-09-01,chart_entry,ae,6007,370141186,,toppaidapplications_rank,93,PrinterShare Premium | new_entrant=False
2026-09-01,chart_entry,ae,6007,647233948,,toppaidapplications_rank,94,Week Agenda Ultimate | new_entrant=False
2026-09-01,chart_entry,ae,6007,492594590,,toppaidapplications_rank,95,Voice Dictation - Voice To App | new_entrant=False
2026-09-01,chart_entry,ae,6007,345007955,,toppaidapplications_rank,96,MobileToolz™ (Business Tools) | new_entrant=False
2026-09-01,chart_entry,ae,6007,400899317,,toppaidapplications_rank,97,Meeting Planner by timeanddate | new_entrant=False
2026-09-01,chart_entry,ae,6007,455210120,,toppaidapplications_rank,98,Tiny Calendar Pro | new_entrant=False
2026-09-01,chart_entry,ae,6007,927944141,,toppaidapplications_rank,99,Alfred Remote | new_entrant=False
2026-09-01,chart_entry,ae,6007,351547502,,toppaidapplications_rank,100,Fax Print & Share Pro | new_entrant=False
2026-09-01,chart_entry,ae,6007,6787969363,,newapplications_rank,1,Detect My Owner | new_entrant=False
2026-09-01,chart_entry,ae,6007,6783736766,,newapplications_rank,2,Trofficient Driver | new_entrant=False
2026-09-01,chart_entry,ae,6007,6785919923,,newapplications_rank,3,Hero Clash Legends | new_entrant=False
2026-09-01,chart_entry,ae,6007,6777507072,,newapplications_rank,4,XLSX Spreadsheets Editor | new_entrant=False
2026-09-01,chart_entry,ae,6007,6781580778,,newapplications_rank,5,Nota AI:Meeting Recorder | new_entrant=False
2026-09-01,chart_entry,ae,6007,6787931344,,newapplications_rank,6,ThatNote | new_entrant=False
2026-09-01,chart_entry,ae,6007,6782615705,,newapplications_rank,7,TasteProof | new_entrant=False
2026-09-01,chart_entry,ae,6007,6781000578,,newapplications_rank,8,Connectia | new_entrant=False
2026-09-01,chart_entry,ae,6007,6761742588,,newapplications_rank,9,Tap: Emotional Tapping. | new_entrant=False
2026-09-01,chart_entry,ae,6007,6785105331,,newapplications_rank,10,Shape Merge: Block Puzzle | new_entrant=False
2026-09-01,chart_entry,ae,6007,6787616849,,newapplications_rank,11,Times Tables Sticker Book | new_entrant=False
2026-09-01,chart_entry,ae,6007,6786378477,,newapplications_rank,12,Coralog | new_entrant=False
2026-09-01,chart_entry,ae,6007,6787225039,,newapplications_rank,13,Gorkeu: Terminal | new_entrant=False
2026-09-01,chart_entry,ae,6007,6785928089,,newapplications_rank,14,Shqipo - Mëso shqip Albanian | new_entrant=False
2026-09-01,chart_entry,ae,6007,6786347610,,newapplications_rank,15,Aurora: Trip Planner | new_entrant=False
2026-09-01,chart_entry,ae,6007,6786633995,,newapplications_rank,16,"Guess who, please? | new_entrant=False"
2026-09-01,chart_entry,ae,6007,6788195749,,newapplications_rank,17,One Stroke: Line Puzzle | new_entrant=False
2026-09-01,chart_entry,ae,6007,6785806442,,newapplications_rank,18,EquiCalendar | new_entrant=False
2026-09-01,chart_entry,ae,6007,6767179294,,newapplications_rank,19,YMusic Audio & Music Player | new_entrant=False
2026-09-01,chart_entry,ae,6007,6788150775,,newapplications_rank,20,Howbout - Shift Planner | new_entrant=False
2026-09-01,chart_entry,ae,6007,6780938855,,newapplications_rank,21,Olesya Aksesuar | new_entrant=False
2026-09-01,chart_entry,ae,6007,6785926361,,newapplications_rank,22,Vishnu Puran in Hindi Complete | new_entrant=False
2026-09-01,chart_entry,ae,6007,6786916384,,newapplications_rank,23,Personel365 | new_entrant=False
2026-09-01,chart_entry,ae,6007,6788195426,,newapplications_rank,24,Block Tower: Tap Stack Builder | new_entrant=False
2026-09-01,chart_entry,ae,6007,6788189659,,newapplications_rank,25,Number Touch 1to50 | new_entrant=False
2026-09-01,chart_entry,ae,6007,6788236641,,newapplications_rank,26,Sereno: Sleep & Relax | new_entrant=False
2026-09-01,chart_entry,ae,6007,6788140564,,newapplications_rank,27,Johnny's Crazy Planes | new_entrant=False
2026-09-01,chart_entry,ae,6007,6785485912,,newapplications_rank,28,Platino AI | new_entrant=False
2026-09-01,chart_entry,ae,6007,6785604875,,newapplications_rank,29,Gloow App | new_entrant=False
2026-09-01,chart_entry,ae,6007,6786560760,,newapplications_rank,30,CAT Pattern Hunt | new_entrant=False
2026-09-01,chart_entry,ae,6007,6786285346,,newapplications_rank,31,ASRAM ID Management | new_entrant=False
2026-09-01,chart_entry,ae,6007,6781536556,,newapplications_rank,32,AI Smart Lighting | new_entrant=False
2026-09-01,chart_entry,ae,6007,6769935168,,newapplications_rank,33,AudioVERT: Audio Converter | new_entrant=False
2026-09-01,chart_entry,ae,6007,6764899520,,newapplications_rank,34,Textile Trade | new_entrant=False
2026-09-01,chart_entry,ae,6007,6773333149,,newapplications_rank,35,Aftermath App | new_entrant=False
2026-09-01,chart_entry,ae,6007,6786710299,,newapplications_rank,36,Agistly | new_entrant=False
2026-09-01,chart_entry,ae,6007,6778637938,,newapplications_rank,37,AI Health Care Guide | new_entrant=False
2026-09-01,chart_entry,ae,6007,6760964608,,newapplications_rank,38,AI Meal Buddy | new_entrant=False
2026-09-01,chart_entry,ae,6007,6784687273,,newapplications_rank,39,AL YAWM School | new_entrant=False
2026-09-01,chart_entry,ae,6007,6788319161,,newapplications_rank,40,Anchor: Routines for ADHD | new_entrant=False
2026-09-01,chart_entry,ae,6007,6778371124,,newapplications_rank,41,Ant Manager | new_entrant=False
2026-09-01,chart_entry,ae,6007,6785261144,,newapplications_rank,42,ApexGrid | new_entrant=False
2026-09-01,chart_entry,ae,6007,6786672473,,newapplications_rank,43,AudioGarden | new_entrant=False
2026-09-01,chart_entry,ae,6007,6784551284,,newapplications_rank,44,Autologix Ride | new_entrant=False
2026-09-01,chart_entry,ae,6007,6772642473,,newapplications_rank,45,Be-cuzz: Learn Vietnamese | new_entrant=False
2026-09-01,chart_entry,ae,6007,6785114556,,newapplications_rank,46,Belegio | new_entrant=False
2026-09-01,chart_entry,ae,6007,6781637474,,newapplications_rank,47,Bleep OnCall | new_entrant=False
2026-09-01,chart_entry,ae,6007,6785354015,,newapplications_rank,48,BlockSeeker | new_entrant=False
2026-09-01,chart_entry,ae,6007,6761910078,,newapplications_rank,49,BOWO.fi | new_entrant=False
2026-09-01,chart_entry,ae,6007,6786246885,,newapplications_rank,50,CanaCanOl | new_entrant=False
2026-09-01,chart_entry,ae,6007,6776157131,,newapplications_rank,51,CARFACE My Car Widgets App | new_entrant=False
2026-09-01,chart_entry,ae,6007,6780785446,,newapplications_rank,52,Category Bubbles | new_entrant=False
2026-09-01,chart_entry,ae,6007,6787888185,,newapplications_rank,53,CepteZikir | new_entrant=False
2026-09-01,chart_entry,ae,6007,6758542797,,newapplications_rank,54,Coffee Rider | new_entrant=False
2026-09-01,chart_entry,ae,6007,6785559193,,newapplications_rank,55,Colorimeter: Live Color Picker | new_entrant=False
2026-09-01,chart_entry,ae,6007,6786641971,,newapplications_rank,56,CopyBox - Copy & Paste | new_entrant=False
2026-09-01,chart_entry,ae,6007,6786754746,,newapplications_rank,57,CP - Pasajeros | new_entrant=False
2026-09-01,chart_entry,ae,6007,6786689891,,newapplications_rank,58,Crack D Code | new_entrant=False
2026-09-01,chart_entry,ae,6007,6784971729,,newapplications_rank,59,CronPing | new_entrant=False
2026-09-01,chart_entry,ae,6007,6786193427,,newapplications_rank,60,DDM Market | new_entrant=False
2026-09-01,chart_entry,ae,6007,6783883225,,newapplications_rank,61,Docksy: Macro Deck | new_entrant=False
2026-09-01,chart_entry,ae,6007,6784992704,,newapplications_rank,62,DomiCarta | new_entrant=False
2026-09-01,chart_entry,ae,6007,6784683387,,newapplications_rank,63,Drop Peak | new_entrant=False
2026-09-01,chart_entry,ae,6007,6786311669,,newapplications_rank,64,Dwellora: AI Home Design | new_entrant=False
2026-09-01,chart_entry,ae,6007,6770763729,,newapplications_rank,65,EDIWEY | new_entrant=False
2026-09-01,chart_entry,ae,6007,6783993048,,newapplications_rank,66,ErkläreKurz | new_entrant=False
2026-09-01,chart_entry,ae,6007,6782899423,,newapplications_rank,67,Essay E-Station | new_entrant=False
2026-09-01,chart_entry,ae,6007,6786178701,,newapplications_rank,68,Find My 365: Family Locator | new_entrant=False
2026-09-01,chart_entry,ae,6007,6761006510,,newapplications_rank,69,First-Responders ZA | new_entrant=False
2026-09-01,chart_entry,ae,6007,6783407576,,newapplications_rank,70,FORM | new_entrant=False
2026-09-01,chart_entry,ae,6007,6786731466,,newapplications_rank,71,Framely - Extract Frames | new_entrant=False
2026-09-01,chart_entry,ae,6007,6785122458,,newapplications_rank,72,French Drain Planner | new_entrant=False
2026-09-01,chart_entry,ae,6007,6782061457,,newapplications_rank,73,Frog Catch | new_entrant=False
2026-09-01,chart_entry,ae,6007,6787502596,,newapplications_rank,74,GenAI Leader合格ドリル | new_entrant=False
2026-09-01,chart_entry,ae,6007,6786695217,,newapplications_rank,75,GHARPOCH | new_entrant=False
2026-09-01,chart_entry,ae,6007,6767038385,,newapplications_rank,76,GigRide | new_entrant=False
2026-09-01,chart_entry,ae,6007,6757811396,,newapplications_rank,77,Golden Lap | new_entrant=False
2026-09-01,chart_entry,ae,6007,6773596118,,newapplications_rank,78,Gold Tracker & Zakat | new_entrant=False
2026-09-01,chart_entry,ae,6007,6786360721,,newapplications_rank,79,Grace Community Church FL | new_entrant=False
2026-09-01,chart_entry,ae,6007,6786681866,,newapplications_rank,80,Guitar Chords Trainer | new_entrant=False
2026-09-01,chart_entry,ae,6007,6786656228,,newapplications_rank,81,Gurukul - Mota Samadhiyala | new_entrant=False
2026-09-01,chart_entry,ae,6007,6782853700,,newapplications_rank,82,Hanzi Daily | new_entrant=False
2026-09-01,chart_entry,ae,6007,6786708738,,newapplications_rank,83,Hodaan | new_entrant=False
2026-09-01,chart_entry,ae,6007,6785531780,,newapplications_rank,84,Horsy Delivery Driver | new_entrant=False
2026-09-01,chart_entry,ae,6007,6786386002,,newapplications_rank,85,Hostel Track | new_entrant=False
2026-09-01,chart_entry,ae,6007,6780774159,,newapplications_rank,86,Infra Resilience 360° | new_entrant=False
2026-09-01,chart_entry,ae,6007,6778979486,,newapplications_rank,87,Inkitt Ironblood | new_entrant=False
2026-09-01,chart_entry,ae,6007,6786682891,,newapplications_rank,88,IOWah Pedal: AUv3 Plugin | new_entrant=False
2026-09-01,chart_entry,ae,6007,6761174893,,newapplications_rank,89,iPuppet | new_entrant=False
2026-09-01,chart_entry,ae,6007,6781565661,,newapplications_rank,90,KARTHIK IAS ACADEMY | new_entrant=False
2026-09-01,chart_entry,ae,6007,6778919267,,newapplications_rank,91,Keystead | new_entrant=False
2026-09-01,chart_entry,ae,6007,6787910769,,newapplications_rank,92,Knot Off | new_entrant=False
2026-09-01,chart_entry,ae,6007,6785522740,,newapplications_rank,93,Lector TrackAgro | new_entrant=False
2026-09-01,chart_entry,ae,6007,6772027111,,newapplications_rank,94,LexiDeck Word Card Game | new_entrant=False
2026-09-01,chart_entry,ae,6007,6754325916,,newapplications_rank,95,LineUp_Client | new_entrant=False
2026-09-01,chart_entry,ae,6007,6782489899,,newapplications_rank,96,Lineup Hub | new_entrant=False
2026-09-01,chart_entry,ae,6007,6786275844,,newapplications_rank,97,Live Echo Mic : Voice Effects | new_entrant=False
2026-09-01,chart_entry,ae,6007,6762963639,,newapplications_rank,98,Logistiq Seller App | new_entrant=False
2026-09-01,chart_entry,ae,6007,6788535663,,newapplications_rank,99,LookoutCurved | new_entrant=False
2026-09-01,chart_entry,ae,6007,6772440197,,newapplications_rank,100,MedX Care | new_entrant=False
2026-09-01,chart_entry,ae,6007,6781707098,,newapplications_rank,101,Melody Ringtones Maker Garage | new_entrant=False
2026-09-01,chart_entry,ae,6007,6786683644,,newapplications_rank,102,Merge Grove | new_entrant=False
